repo,domain,file,loc,sloc,lloc,comments,cc_sum,cc_max,cc_mean,n_functions,fan_out,n_commits,lines_added,lines_deleted,n_authors,prior_defects,defect_strict,defect_broad
scikit-learn/scikit-learn,data,.spin/cmds.py,29,16,11,0,1,1,1.0,1,0,1,29,0,1,0,0,0
scikit-learn/scikit-learn,data,build_tools/azure/get_commit_message.py,75,46,30,19,4,3,2.0,2,0,5,80,5,4,0,0,0
scikit-learn/scikit-learn,data,build_tools/azure/get_selected_tests.py,34,16,17,2,2,2,2.0,1,0,2,36,2,1,0,0,0
scikit-learn/scikit-learn,data,build_tools/check-meson-openmp-dependencies.py,172,79,61,6,28,9,4.0,7,0,1,172,0,1,0,0,0
scikit-learn/scikit-learn,data,build_tools/circle/list_versions.py,142,101,93,14,15,7,3.75,4,1,18,231,89,9,2,0,0
scikit-learn/scikit-learn,data,build_tools/generate_authors_table.py,255,192,123,15,29,16,4.833333333333333,6,0,23,462,207,12,1,0,0
scikit-learn/scikit-learn,data,build_tools/get_comment.py,355,246,91,27,20,8,3.3333333333333335,6,0,12,429,74,4,0,0,0
scikit-learn/scikit-learn,data,build_tools/github/check_wheels.py,30,19,17,1,0,0,0.0,0,0,11,75,45,3,0,0,0
scikit-learn/scikit-learn,data,build_tools/github/vendor.py,96,66,37,2,6,5,3.0,2,0,8,225,129,4,0,0,0
scikit-learn/scikit-learn,data,build_tools/update_environments_and_lock_files.py,774,657,163,23,53,18,2.9444444444444446,18,0,107,1373,599,21,6,1,1
scikit-learn/scikit-learn,data,build_tools/wheels/check_license.py,30,22,14,0,0,0,0.0,0,0,2,31,1,2,1,0,0
scikit-learn/scikit-learn,data,maint_tools/bump-dependencies-versions.py,171,133,89,8,33,11,5.5,6,0,2,172,1,2,0,0,0
scikit-learn/scikit-learn,data,maint_tools/check_xfailed_checks.py,37,26,20,7,0,0,0.0,0,2,1,37,0,1,0,0,0
scikit-learn/scikit-learn,data,maint_tools/sort_whats_new.py,43,30,28,4,2,2,2.0,1,0,5,62,19,5,0,0,0
scikit-learn/scikit-learn,data,maint_tools/update_tracking_issue.py,163,114,92,12,11,6,3.6666666666666665,3,0,14,228,65,3,3,0,0
scikit-learn/scikit-learn,data,sklearn/__check_build/__init__.py,54,36,20,7,4,4,4.0,1,1,23,89,35,14,1,0,0
scikit-learn/scikit-learn,data,sklearn/__init__.py,150,79,35,52,6,3,2.0,3,4,161,717,568,44,11,0,0
scikit-learn/scikit-learn,data,sklearn/_build_utils/__init__.py,0,0,0,0,0,0,0.0,0,0,34,293,293,16,1,0,0
scikit-learn/scikit-learn,data,sklearn/_build_utils/tempita.py,62,35,26,5,4,3,2.0,2,0,3,62,0,2,0,0,0
scikit-learn/scikit-learn,data,sklearn/_build_utils/version.py,16,6,7,3,0,0,0.0,0,0,5,19,3,3,0,0,0
scikit-learn/scikit-learn,data,sklearn/_config.py,407,90,49,4,15,11,3.75,4,1,37,510,103,22,0,0,0
scikit-learn/scikit-learn,data,sklearn/_distributor_init.py,13,0,1,2,0,0,0.0,0,0,3,14,1,2,0,0,0
scikit-learn/scikit-learn,data,sklearn/_loss/__init__.py,33,24,3,2,0,0,0.0,0,1,8,47,14,5,0,0,0
scikit-learn/scikit-learn,data,sklearn/_loss/link.py,282,101,112,8,42,5,1.9090909090909092,22,1,8,288,6,4,0,1,1
scikit-learn/scikit-learn,data,sklearn/_loss/loss.py,1216,426,305,61,135,10,2.8125,48,4,18,1284,68,9,1,0,0
scikit-learn/scikit-learn,data,sklearn/_min_dependencies.py,74,55,22,10,0,0,0.0,0,0,87,238,164,24,4,0,0
scikit-learn/scikit-learn,data,sklearn/base.py,1336,400,331,73,131,14,2.5686274509803924,51,15,298,3332,1962,93,42,1,1
scikit-learn/scikit-learn,data,sklearn/calibration.py,1643,585,362,71,102,19,3.642857142857143,28,16,152,3082,1439,68,27,1,1
scikit-learn/scikit-learn,data,sklearn/cluster/__init__.py,64,58,13,2,0,0,0.0,0,11,67,286,217,31,7,0,0
scikit-learn/scikit-learn,data,sklearn/cluster/_affinity_propagation.py,607,257,164,25,36,18,4.0,9,7,136,1386,779,59,19,0,0
scikit-learn/scikit-learn,data,sklearn/cluster/_agglomerative.py,1335,535,369,90,103,32,6.0588235294117645,17,11,343,5263,3597,93,54,0,0
scikit-learn/scikit-learn,data,sklearn/cluster/_bicluster.py,621,288,202,10,55,10,2.75,20,6,127,1650,1029,41,11,0,0
scikit-learn/scikit-learn,data,sklearn/cluster/_birch.py,730,324,261,44,57,8,2.4782608695652173,23,9,110,2012,1282,45,16,0,0
scikit-learn/scikit-learn,data,sklearn/cluster/_bisect_k_means.py,543,217,141,23,39,8,2.7857142857142856,14,7,21,636,93,12,3,1,1
scikit-learn/scikit-learn,data,sklearn/cluster/_dbscan.py,512,124,68,14,16,8,2.6666666666666665,6,6,152,1444,932,66,28,1,1
scikit-learn/scikit-learn,data,sklearn/cluster/_feature_agglomeration.py,76,25,26,5,10,5,3.3333333333333335,3,2,47,271,195,24,5,0,0
scikit-learn/scikit-learn,data,sklearn/cluster/_hdbscan/__init__.py,2,0,0,2,0,0,0.0,0,0,2,2,0,2,0,0,0
scikit-learn/scikit-learn,data,sklearn/cluster/_hdbscan/hdbscan.py,1020,420,243,82,73,31,5.615384615384615,13,10,30,1161,141,19,7,0,0
scikit-learn/scikit-learn,data,sklearn/cluster/_kmeans.py,2309,997,542,100,155,13,4.305555555555555,36,15,502,8485,6174,131,91,1,1
scikit-learn/scikit-learn,data,sklearn/cluster/_mean_shift.py,579,191,132,25,37,13,4.625,8,8,150,1732,1155,58,20,0,0
scikit-learn/scikit-learn,data,sklearn/cluster/_optics.py,1202,448,263,62,74,17,5.285714285714286,14,9,95,2570,1368,50,10,0,1
scikit-learn/scikit-learn,data,sklearn/cluster/_spectral.py,805,237,143,26,33,12,4.125,8,8,203,2359,1556,74,32,0,0
scikit-learn/scikit-learn,data,sklearn/compose/__init__.py,23,12,4,2,0,0,0.0,0,2,9,38,15,7,0,0,0
scikit-learn/scikit-learn,data,sklearn/compose/_column_transformer.py,1610,712,453,64,197,23,5.051282051282051,39,14,144,2921,1311,54,31,1,1
scikit-learn/scikit-learn,data,sklearn/compose/_target.py,397,169,103,20,39,12,4.333333333333333,9,9,54,610,213,27,5,0,1
scikit-learn/scikit-learn,data,sklearn/covariance/__init__.py,50,39,7,2,0,0,0.0,0,5,45,166,113,20,3,0,0
scikit-learn/scikit-learn,data,sklearn/covariance/_elliptic_envelope.py,266,47,38,2,8,2,1.1428571428571428,7,5,82,784,518,40,11,0,1
scikit-learn/scikit-learn,data,sklearn/covariance/_empirical_covariance.py,368,107,101,13,23,5,2.3,10,7,117,921,519,45,11,0,0
scikit-learn/scikit-learn,data,sklearn/covariance/_graph_lasso.py,1152,506,289,54,72,19,4.8,15,10,172,2834,1681,67,25,0,1
scikit-learn/scikit-learn,data,sklearn/covariance/_robust_covariance.py,877,375,246,62,42,12,4.666666666666667,9,6,116,2792,1413,49,18,0,1
scikit-learn/scikit-learn,data,sklearn/covariance/_shrunk_covariance.py,822,182,166,48,39,10,2.7857142857142856,14,5,123,1748,926,63,9,0,0
scikit-learn/scikit-learn,data,sklearn/cross_decomposition/__init__.py,8,2,3,2,0,0,0.0,0,1,12,22,14,8,1,0,0
scikit-learn/scikit-learn,data,sklearn/cross_decomposition/_pls.py,1097,405,304,70,67,12,2.68,25,6,130,3101,2004,49,28,0,0
scikit-learn/scikit-learn,data,sklearn/datasets/__init__.py,169,147,23,3,3,3,3.0,1,12,90,420,254,33,6,0,0
scikit-learn/scikit-learn,data,sklearn/datasets/_arff_parser.py,543,273,177,48,60,27,10.0,6,5,18,736,193,5,6,0,1
scikit-learn/scikit-learn,data,sklearn/datasets/_base.py,1636,591,363,24,88,17,4.190476190476191,21,4,244,3407,1748,100,34,0,0
scikit-learn/scikit-learn,data,sklearn/datasets/_california_housing.py,246,103,54,10,5,5,5.0,1,4,59,453,207,40,8,1,1
scikit-learn/scikit-learn,data,sklearn/datasets/_covtype.py,252,117,64,9,10,10,10.0,1,4,53,461,209,38,11,0,0
scikit-learn/scikit-learn,data,sklearn/datasets/_kddcup99.py,430,234,144,11,22,11,7.333333333333333,3,4,52,838,408,38,9,0,0
scikit-learn/scikit-learn,data,sklearn/datasets/_lfw.py,654,309,172,49,42,14,7.0,6,4,118,1551,892,59,15,0,0
scikit-learn/scikit-learn,data,sklearn/datasets/_olivetti_faces.py,187,73,45,8,6,6,6.0,1,4,61,429,242,39,8,0,0
scikit-learn/scikit-learn,data,sklearn/datasets/_openml.py,1164,567,313,57,80,29,5.0,16,5,71,2332,1168,37,10,1,1
scikit-learn/scikit-learn,data,sklearn/datasets/_rcv1.py,339,184,129,24,23,21,7.666666666666667,3,5,47,614,275,30,8,0,0
scikit-learn/scikit-learn,data,sklearn/datasets/_samples_generator.py,2383,898,532,59,103,23,4.681818181818182,22,4,279,4736,2350,107,54,0,0
scikit-learn/scikit-learn,data,sklearn/datasets/_species_distributions.py,287,105,78,14,13,7,3.25,4,4,62,663,378,41,9,0,0
scikit-learn/scikit-learn,data,sklearn/datasets/_svmlight_format_io.py,590,257,128,21,54,20,9.0,6,4,128,1380,790,53,22,0,0
scikit-learn/scikit-learn,data,sklearn/datasets/_twenty_newsgroups.py,625,281,180,12,37,18,6.166666666666667,6,7,112,1319,630,55,18,0,0
scikit-learn/scikit-learn,data,sklearn/datasets/data/__init__.py,2,0,0,2,0,0,0.0,0,0,2,2,0,2,0,0,0
scikit-learn/scikit-learn,data,sklearn/datasets/descr/__init__.py,2,0,0,2,0,0,0.0,0,0,2,2,0,2,0,0,0
scikit-learn/scikit-learn,data,sklearn/datasets/images/__init__.py,2,0,0,2,0,0,0.0,0,0,2,2,0,2,0,0,0
scikit-learn/scikit-learn,data,sklearn/decomposition/__init__.py,50,40,13,2,0,0,0.0,0,11,58,215,164,19,3,0,0
scikit-learn/scikit-learn,data,sklearn/decomposition/_base.py,210,92,81,13,18,5,2.25,8,3,36,338,128,25,7,0,1
scikit-learn/scikit-learn,data,sklearn/decomposition/_dict_learning.py,2341,944,474,60,125,15,3.289473684210526,38,7,231,4261,2911,82,47,0,1
scikit-learn/scikit-learn,data,sklearn/decomposition/_factor_analysis.py,457,189,160,13,28,9,2.5454545454545454,11,6,106,908,451,36,11,0,0
scikit-learn/scikit-learn,data,sklearn/decomposition/_fastica.py,809,315,234,28,58,24,3.411764705882353,17,5,190,2188,1370,63,35,0,0
scikit-learn/scikit-learn,data,sklearn/decomposition/_incremental_pca.py,424,159,116,9,31,14,5.166666666666667,6,6,62,657,233,43,6,0,0
scikit-learn/scikit-learn,data,sklearn/decomposition/_kernel_pca.py,579,199,132,36,31,10,2.8181818181818183,11,8,122,1109,530,60,24,0,0
scikit-learn/scikit-learn,data,sklearn/decomposition/_lda.py,956,382,285,38,59,10,3.2777777777777777,18,6,123,2291,1335,56,14,0,0
scikit-learn/scikit-learn,data,sklearn/decomposition/_nmf.py,2401,997,673,111,191,18,5.026315789473684,38,8,241,5927,3535,71,40,0,1
scikit-learn/scikit-learn,data,sklearn/decomposition/_pca.py,852,323,249,96,63,17,5.25,12,9,279,3103,2259,97,54,0,0
scikit-learn/scikit-learn,data,sklearn/decomposition/_sparse_pca.py,551,208,101,3,20,3,1.5384615384615385,13,7,206,3531,2432,46,38,0,0
scikit-learn/scikit-learn,data,sklearn/decomposition/_truncated_svd.py,322,104,78,9,17,8,2.125,8,7,87,584,262,42,12,1,1
scikit-learn/scikit-learn,data,sklearn/discriminant_analysis.py,1128,379,324,37,78,13,2.888888888888889,27,9,106,1848,720,66,12,0,1
scikit-learn/scikit-learn,data,sklearn/dummy.py,704,295,221,11,85,19,6.071428571428571,14,7,162,1824,1121,56,17,0,0
scikit-learn/scikit-learn,data,sklearn/ensemble/__init__.py,45,39,11,2,0,0,0.0,0,9,43,177,143,14,2,0,0
scikit-learn/scikit-learn,data,sklearn/ensemble/_bagging.py,1492,689,401,59,117,28,3.4411764705882355,34,14,152,2677,1241,75,20,0,1
scikit-learn/scikit-learn,data,sklearn/ensemble/_base.py,313,133,111,15,48,11,2.823529411764706,17,6,95,669,389,38,10,0,0
scikit-learn/scikit-learn,data,sklearn/ensemble/_forest.py,3047,985,499,62,158,36,3.16,50,13,470,8432,5391,134,71,0,1
scikit-learn/scikit-learn,data,sklearn/ensemble/_gb.py,2204,890,551,129,164,17,3.4893617021276597,47,15,472,8679,6487,114,77,0,0
scikit-learn/scikit-learn,data,sklearn/ensemble/_hist_gradient_boosting/__init__.py,8,0,1,2,0,0,0.0,0,0,2,8,0,2,0,0,0
scikit-learn/scikit-learn,data,sklearn/ensemble/_hist_gradient_boosting/binning.py,338,136,103,19,31,15,5.166666666666667,6,8,29,552,214,13,5,1,1
scikit-learn/scikit-learn,data,sklearn/ensemble/_hist_gradient_boosting/gradient_boosting.py,2373,1183,656,161,210,53,4.375,48,17,130,3886,1513,48,17,1,1
scikit-learn/scikit-learn,data,sklearn/ensemble/_hist_gradient_boosting/grower.py,822,457,283,59,65,19,3.823529411764706,17,6,37,1280,458,15,4,0,0
scikit-learn/scikit-learn,data,sklearn/ensemble/_hist_gradient_boosting/predictor.py,149,51,36,12,11,3,1.375,8,2,12,199,50,6,0,0,0
scikit-learn/scikit-learn,data,sklearn/ensemble/_hist_gradient_boosting/utils.py,149,105,46,12,18,18,18.0,1,2,4,151,2,3,0,0,0
scikit-learn/scikit-learn,data,sklearn/ensemble/_iforest.py,678,239,129,44,31,10,2.066666666666667,15,9,127,1402,724,57,17,0,0
scikit-learn/scikit-learn,data,sklearn/ensemble/_stacking.py,1145,421,273,39,100,22,3.3333333333333335,30,14,63,1648,503,35,4,0,1
scikit-learn/scikit-learn,data,sklearn/ensemble/_voting.py,734,244,179,13,65,11,2.6,25,12,113,1407,673,58,14,1,1
scikit-learn/scikit-learn,data,sklearn/ensemble/_weight_boosting.py,1129,366,259,33,73,8,2.7037037037037037,27,9,246,4417,3288,81,46,0,0
scikit-learn/scikit-learn,data,sklearn/exceptions.py,249,75,48,2,22,2,1.2222222222222223,18,0,36,392,143,22,3,0,0
scikit-learn/scikit-learn,data,sklearn/experimental/__init__.py,10,0,1,2,0,0,0.0,0,0,3,15,5,2,0,0,0
scikit-learn/scikit-learn,data,sklearn/experimental/enable_halving_search_cv.py,35,8,6,3,0,0,0.0,0,2,6,47,12,4,0,0,0
scikit-learn/scikit-learn,data,sklearn/experimental/enable_hist_gradient_boosting.py,23,7,3,4,0,0,0.0,0,0,8,58,35,5,0,0,0
scikit-learn/scikit-learn,data,sklearn/experimental/enable_iterative_imputer.py,23,4,5,3,0,0,0.0,0,2,8,31,8,7,0,0,0
scikit-learn/scikit-learn,data,sklearn/externals/__init__.py,5,0,1,0,0,0,0.0,0,0,7,12,1,4,0,0,0
scikit-learn/scikit-learn,data,sklearn/externals/_arff.py,1107,553,516,95,242,19,3.611940298507463,67,0,13,1402,295,12,1,0,0
scikit-learn/scikit-learn,data,sklearn/externals/_array_api_compat_vendor.py,5,1,1,4,0,0,0.0,0,1,1,5,0,1,0,0,0
scikit-learn/scikit-learn,data,sklearn/externals/_numpydoc/docscrape.py,759,585,513,39,229,19,4.089285714285714,56,0,1,759,0,1,0,0,0
scikit-learn/scikit-learn,data,sklearn/externals/_packaging/__init__.py,0,0,0,0,0,0,0.0,0,0,1,0,0,1,0,0,0
scikit-learn/scikit-learn,data,sklearn/externals/_packaging/_structures.py,90,40,41,19,22,2,1.1,20,0,1,90,0,1,0,0,0
scikit-learn/scikit-learn,data,sklearn/externals/_packaging/version.py,535,323,251,74,112,10,2.3333333333333335,48,1,2,539,4,2,0,0,0
scikit-learn/scikit-learn,data,sklearn/externals/_scipy/__init__.py,0,0,0,0,0,0,0.0,0,0,1,0,0,1,0,0,0
scikit-learn/scikit-learn,data,sklearn/externals/_scipy/sparse/__init__.py,0,0,0,0,0,0,0.0,0,0,1,0,0,1,0,0,0
scikit-learn/scikit-learn,data,sklearn/externals/_scipy/sparse/csgraph/__init__.py,1,1,1,0,0,0,0.0,0,1,1,1,0,1,0,0,0
scikit-learn/scikit-learn,data,sklearn/externals/_scipy/sparse/csgraph/_laplacian.py,557,190,171,5,52,11,4.7272727272727275,11,0,3,559,2,3,0,0,0
scikit-learn/scikit-learn,data,sklearn/externals/array_api_compat/__init__.py,22,2,3,1,0,0,0.0,0,1,3,24,2,2,0,0,0
scikit-learn/scikit-learn,data,sklearn/externals/array_api_compat/_internal.py,59,27,23,2,2,1,1.0,2,0,2,65,6,2,0,0,0
scikit-learn/scikit-learn,data,sklearn/externals/array_api_compat/common/__init__.py,1,1,1,1,0,0,0.0,0,1,2,2,1,2,0,0,0
scikit-learn/scikit-learn,data,sklearn/externals/array_api_compat/common/_aliases.py,727,514,256,76,91,12,2.1666666666666665,42,2,3,925,198,2,0,0,0
scikit-learn/scikit-learn,data,sklearn/externals/array_api_compat/common/_fft.py,213,191,77,2,29,3,1.9333333333333333,15,1,2,281,68,2,0,0,0
scikit-learn/scikit-learn,data,sklearn/externals/array_api_compat/common/_helpers.py,1058,404,344,82,131,23,3.4473684210526314,38,5,3,1241,183,3,0,0,0
scikit-learn/scikit-learn,data,sklearn/externals/array_api_compat/common/_linalg.py,232,172,102,30,33,10,1.736842105263158,19,3,2,272,40,2,0,0,0
scikit-learn/scikit-learn,data,sklearn/externals/array_api_compat/common/_typing.py,192,129,106,20,31,2,1.24,25,0,2,205,13,2,0,0,0
scikit-learn/scikit-learn,data,sklearn/externals/array_api_compat/cupy/__init__.py,13,6,6,6,0,0,0.0,0,1,2,16,3,2,0,0,0
scikit-learn/scikit-learn,data,sklearn/externals/array_api_compat/cupy/_aliases.py,156,124,96,6,12,4,3.0,4,5,2,199,43,2,0,0,0
scikit-learn/scikit-learn,data,sklearn/externals/array_api_compat/cupy/_info.py,336,112,51,2,20,11,3.3333333333333335,6,0,2,341,5,2,0,0,0
scikit-learn/scikit-learn,data,sklearn/externals/array_api_compat/cupy/_typing.py,31,26,11,1,0,0,0.0,0,0,2,70,39,2,0,0,0
scikit-learn/scikit-learn,data,sklearn/externals/array_api_compat/cupy/fft.py,36,28,28,4,0,0,0.0,0,2,1,36,0,1,0,0,0
scikit-learn/scikit-learn,data,sklearn/externals/array_api_compat/cupy/linalg.py,49,36,36,8,0,0,0.0,0,3,1,49,0,1,0,0,0
scikit-learn/scikit-learn,data,sklearn/externals/array_api_compat/dask/__init__.py,0,0,0,0,0,0,0.0,0,0,1,0,0,1,0,0,0
scikit-learn/scikit-learn,data,sklearn/externals/array_api_compat/dask/array/__init__.py,12,6,7,4,0,0,0.0,0,1,2,15,3,2,0,0,0
scikit-learn/scikit-learn,data,sklearn/externals/array_api_compat/dask/array/_aliases.py,376,236,148,34,33,9,3.6666666666666665,9,4,2,472,96,2,0,0,0
scikit-learn/scikit-learn,data,sklearn/externals/array_api_compat/dask/array/_info.py,416,175,88,2,28,12,2.0,14,2,2,449,33,2,0,0,0
scikit-learn/scikit-learn,data,sklearn/externals/array_api_compat/dask/array/fft.py,21,14,14,4,0,0,0.0,0,2,2,29,8,2,0,0,0
scikit-learn/scikit-learn,data,sklearn/externals/array_api_compat/dask/array/linalg.py,72,46,38,14,5,2,1.6666666666666667,3,4,2,94,22,2,0,0,0
scikit-learn/scikit-learn,data,sklearn/externals/array_api_compat/numpy/__init__.py,28,11,12,13,0,0,0.0,0,2,2,43,15,2,0,0,0
scikit-learn/scikit-learn,data,sklearn/externals/array_api_compat/numpy/_aliases.py,190,142,106,19,12,4,2.0,6,5,2,246,56,2,0,0,0
scikit-learn/scikit-learn,data,sklearn/externals/array_api_compat/numpy/_info.py,366,135,62,0,22,12,3.142857142857143,7,1,2,381,15,2,0,0,0
scikit-learn/scikit-learn,data,sklearn/externals/array_api_compat/numpy/_typing.py,30,21,19,1,1,1,1.0,1,0,2,73,43,2,0,0,0
scikit-learn/scikit-learn,data,sklearn/externals/array_api_compat/numpy/fft.py,35,27,27,0,1,1,1.0,1,2,2,40,5,2,0,0,0
scikit-learn/scikit-learn,data,sklearn/externals/array_api_compat/numpy/linalg.py,143,101,55,23,5,4,2.5,2,4,2,165,22,2,0,0,0
scikit-learn/scikit-learn,data,sklearn/externals/array_api_compat/torch/__init__.py,22,15,11,5,0,0,0.0,0,1,2,26,4,2,0,0,0
scikit-learn/scikit-learn,data,sklearn/externals/array_api_compat/torch/_aliases.py,855,595,404,126,169,14,3.017857142857143,56,6,3,1017,162,2,0,0,0
scikit-learn/scikit-learn,data,sklearn/externals/array_api_compat/torch/_info.py,369,124,92,18,29,11,4.142857142857143,7,0,2,384,15,2,0,0,0
scikit-learn/scikit-learn,data,sklearn/externals/array_api_compat/torch/_typing.py,3,2,2,0,0,0,0.0,0,0,1,3,0,1,0,0,0
scikit-learn/scikit-learn,data,sklearn/externals/array_api_compat/torch/fft.py,85,71,20,2,6,1,1.0,6,1,2,103,18,2,0,0,0
scikit-learn/scikit-learn,data,sklearn/externals/array_api_compat/torch/linalg.py,121,71,64,31,20,6,3.3333333333333335,6,3,2,137,16,2,0,0,0
scikit-learn/scikit-learn,data,sklearn/externals/array_api_extra/__init__.py,42,37,7,1,0,0,0.0,0,4,4,47,5,1,0,0,0
scikit-learn/scikit-learn,data,sklearn/externals/array_api_extra/_delegation.py,328,115,68,7,30,8,7.5,4,4,4,366,38,1,0,0,0
scikit-learn/scikit-learn,data,sklearn/externals/array_api_extra/_lib/__init__.py,1,0,1,0,0,0,0.0,0,0,2,5,4,1,0,0,0
scikit-learn/scikit-learn,data,sklearn/externals/array_api_extra/_lib/_at.py,463,190,121,49,42,21,2.8,15,5,4,471,8,1,0,0,0
scikit-learn/scikit-learn,data,sklearn/externals/array_api_extra/_lib/_backends.py,72,39,38,7,9,3,2.25,4,0,3,113,41,1,0,0,0
scikit-learn/scikit-learn,data,sklearn/externals/array_api_extra/_lib/_funcs.py,1031,397,275,49,93,11,5.166666666666667,18,5,4,1066,35,1,0,0,0
scikit-learn/scikit-learn,data,sklearn/externals/array_api_extra/_lib/_lazy.py,357,161,112,41,32,27,6.4,5,5,4,381,24,1,0,0,0
scikit-learn/scikit-learn,data,sklearn/externals/array_api_extra/_lib/_testing.py,304,141,96,22,35,17,5.0,7,2,4,407,103,1,0,0,0
scikit-learn/scikit-learn,data,sklearn/externals/array_api_extra/_lib/_utils/__init__.py,1,0,1,0,0,0,0.0,0,0,1,1,0,1,0,0,0
scikit-learn/scikit-learn,data,sklearn/externals/array_api_extra/_lib/_utils/_compat.py,74,68,6,3,0,0,0.0,0,1,2,74,0,1,0,0,0
scikit-learn/scikit-learn,data,sklearn/externals/array_api_extra/_lib/_utils/_helpers.py,598,264,215,54,55,13,3.6666666666666665,15,2,4,623,25,1,0,0,0
scikit-learn/scikit-learn,data,sklearn/externals/array_api_extra/_lib/_utils/_typing.py,10,6,6,2,0,0,0.0,0,0,2,11,1,1,0,0,0
scikit-learn/scikit-learn,data,sklearn/externals/array_api_extra/testing.py,415,147,120,25,23,9,2.875,8,2,4,484,69,1,0,0,0
scikit-learn/scikit-learn,data,sklearn/feature_extraction/__init__.py,18,12,6,2,0,0,0.0,0,4,25,45,27,14,2,0,0
scikit-learn/scikit-learn,data,sklearn/feature_extraction/_dict_vectorizer.py,457,198,165,15,66,21,6.0,11,3,84,862,405,34,13,0,0
scikit-learn/scikit-learn,data,sklearn/feature_extraction/_hash.py,208,68,53,5,19,8,3.1666666666666665,6,4,63,398,190,30,9,0,0
scikit-learn/scikit-learn,data,sklearn/feature_extraction/_stop_words.py,328,322,1,5,0,0,0.0,0,0,5,371,43,5,0,0,0
scikit-learn/scikit-learn,data,sklearn/feature_extraction/image.py,692,282,211,16,47,8,3.1333333333333333,15,4,143,1912,864,58,21,1,1
scikit-learn/scikit-learn,data,sklearn/feature_extraction/text.py,2136,845,598,58,203,14,3.690909090909091,55,9,431,6204,4091,136,76,0,0
scikit-learn/scikit-learn,data,sklearn/feature_selection/__init__.py,53,43,9,2,0,0,0.0,0,7,45,271,218,19,2,0,0
scikit-learn/scikit-learn,data,sklearn/feature_selection/_base.py,267,112,91,9,27,11,3.375,8,5,43,366,99,22,3,1,1
scikit-learn/scikit-learn,data,sklearn/feature_selection/_from_model.py,513,239,160,14,50,17,4.545454545454546,11,8,84,1127,614,45,14,0,0
scikit-learn/scikit-learn,data,sklearn/feature_selection/_mutual_info.py,580,209,134,7,28,10,4.0,7,8,47,855,275,26,7,0,0
scikit-learn/scikit-learn,data,sklearn/feature_selection/_rfe.py,1026,378,248,38,50,10,2.5,20,12,219,2357,1331,84,42,1,1
scikit-learn/scikit-learn,data,sklearn/feature_selection/_sequential.py,369,152,91,16,29,17,4.142857142857143,7,8,38,563,194,18,5,0,0
scikit-learn/scikit-learn,data,sklearn/feature_selection/_univariate_selection.py,1171,297,266,52,76,9,2.111111111111111,36,7,211,2798,1613,73,41,0,0
scikit-learn/scikit-learn,data,sklearn/feature_selection/_variance_threshold.py,141,48,43,5,13,7,2.6,5,5,36,201,60,22,3,0,0
scikit-learn/scikit-learn,data,sklearn/frozen/__init__.py,6,2,2,2,0,0,0.0,0,1,2,7,1,2,0,0,0
scikit-learn/scikit-learn,data,sklearn/frozen/_frozen.py,166,49,51,5,16,3,1.4545454545454546,11,5,4,176,10,4,0,0,0
scikit-learn/scikit-learn,data,sklearn/gaussian_process/__init__.py,10,4,5,2,0,0,0.0,0,3,33,94,84,16,2,0,0
scikit-learn/scikit-learn,data,sklearn/gaussian_process/_gpc.py,973,377,261,69,77,10,4.529411764705882,17,8,100,1669,696,40,13,0,0
scikit-learn/scikit-learn,data,sklearn/gaussian_process/_gpr.py,682,296,209,71,66,20,8.25,8,7,123,1393,711,53,25,0,1
scikit-learn/scikit-learn,data,sklearn/gaussian_process/kernels.py,2408,819,733,57,296,16,2.4262295081967213,122,4,111,4401,1993,38,25,0,0
scikit-learn/scikit-learn,data,sklearn/impute/__init__.py,28,15,11,6,2,2,2.0,1,3,11,39,11,7,0,0,0
scikit-learn/scikit-learn,data,sklearn/impute/_base.py,1155,560,427,63,154,22,5.133333333333334,30,7,83,1729,574,44,10,0,0
scikit-learn/scikit-learn,data,sklearn/impute/_iterative.py,1030,428,277,41,75,18,5.357142857142857,14,12,62,1533,503,36,9,0,0
scikit-learn/scikit-learn,data,sklearn/impute/_knn.py,411,166,122,24,15,6,2.5,6,9,49,708,297,25,2,0,0
scikit-learn/scikit-learn,data,sklearn/inspection/__init__.py,16,10,6,2,0,0,0.0,0,4,16,59,43,9,1,0,0
scikit-learn/scikit-learn,data,sklearn/inspection/_partial_dependence.py,779,319,173,51,75,45,18.75,4,13,69,2080,1301,26,9,0,0
scikit-learn/scikit-learn,data,sklearn/inspection/_pd_utils.py,68,25,22,5,11,7,5.5,2,0,2,68,0,2,0,0,0
scikit-learn/scikit-learn,data,sklearn/inspection/_permutation_importance.py,313,138,65,14,17,8,4.25,4,6,37,460,147,23,5,0,0
scikit-learn/scikit-learn,data,sklearn/inspection/_plot/__init__.py,2,0,0,2,0,0,0.0,0,0,2,2,0,2,0,0,0
scikit-learn/scikit-learn,data,sklearn/inspection/_plot/decision_boundary.py,564,241,153,15,79,28,15.8,5,7,22,717,153,13,5,1,1
scikit-learn/scikit-learn,data,sklearn/inspection/_plot/partial_dependence.py,1490,703,376,54,149,62,16.555555555555557,9,8,60,2735,1245,33,8,0,0
scikit-learn/scikit-learn,data,sklearn/isotonic.py,515,174,151,38,37,7,2.466666666666667,15,6,138,1559,1044,53,16,0,0
scikit-learn/scikit-learn,data,sklearn/kernel_approximation.py,1110,388,294,23,81,11,2.793103448275862,29,6,161,2063,953,59,17,0,0
scikit-learn/scikit-learn,data,sklearn/kernel_ridge.py,244,74,55,3,14,5,2.3333333333333335,6,5,68,494,250,29,8,0,0
scikit-learn/scikit-learn,data,sklearn/linear_model/__init__.py,108,98,17,5,0,0,0.0,0,15,98,372,264,37,7,0,0
scikit-learn/scikit-learn,data,sklearn/linear_model/_base.py,876,369,286,43,88,14,4.190476190476191,21,9,309,3223,2347,95,60,1,1
scikit-learn/scikit-learn,data,sklearn/linear_model/_bayes.py,824,349,236,51,39,10,3.25,12,6,145,3402,2581,67,21,1,1
scikit-learn/scikit-learn,data,sklearn/linear_model/_coordinate_descent.py,3444,1207,643,149,189,43,3.857142857142857,49,12,464,8654,5191,145,74,1,1
scikit-learn/scikit-learn,data,sklearn/linear_model/_glm/__init__.py,16,12,2,2,0,0,0.0,0,1,8,27,11,6,0,0,0
scikit-learn/scikit-learn,data,sklearn/linear_model/_glm/_newton_solver.py,631,316,220,115,66,13,4.4,15,5,17,674,43,6,4,0,1
scikit-learn/scikit-learn,data,sklearn/linear_model/_glm/glm.py,915,300,148,54,43,12,2.5294117647058822,17,10,48,1446,531,23,4,1,1
scikit-learn/scikit-learn,data,sklearn/linear_model/_huber.py,363,141,107,20,17,6,3.4,5,8,47,515,152,25,4,0,0
scikit-learn/scikit-learn,data,sklearn/linear_model/_least_angle.py,2349,882,546,88,141,70,5.875,24,9,398,5983,3585,95,85,0,1
scikit-learn/scikit-learn,data,sklearn/linear_model/_linear_loss.py,828,373,309,124,73,27,6.083333333333333,12,1,15,962,134,7,1,1,1
scikit-learn/scikit-learn,data,sklearn/linear_model/_logistic.py,2335,1089,580,108,177,46,10.411764705882353,17,19,407,7026,4705,112,68,1,1
scikit-learn/scikit-learn,data,sklearn/linear_model/_omp.py,1128,495,335,20,99,24,8.25,12,8,205,3354,1703,67,34,0,1
scikit-learn/scikit-learn,data,sklearn/linear_model/_passive_aggressive.py,622,180,52,6,19,4,2.375,8,4,87,1262,640,38,8,0,0
scikit-learn/scikit-learn,data,sklearn/linear_model/_perceptron.py,226,56,13,2,3,2,1.5,2,2,73,452,226,38,7,0,0
scikit-learn/scikit-learn,data,sklearn/linear_model/_quantile.py,301,141,87,35,24,15,6.0,4,7,25,492,191,12,2,0,0
scikit-learn/scikit-learn,data,sklearn/linear_model/_ransac.py,726,348,197,27,52,33,6.5,8,9,168,1569,843,48,25,0,1
scikit-learn/scikit-learn,data,sklearn/linear_model/_ridge.py,2930,1344,875,105,283,44,3.675324675324675,77,15,432,6862,3930,126,74,1,1
scikit-learn/scikit-learn,data,sklearn/linear_model/_sag.py,370,147,90,15,22,18,11.0,2,6,39,1113,743,28,1,0,0
scikit-learn/scikit-learn,data,sklearn/linear_model/_stochastic_gradient.py,2672,1365,597,66,182,15,3.3703703703703702,54,13,426,7900,5209,98,72,1,1
scikit-learn/scikit-learn,data,sklearn/linear_model/_theil_sen.py,467,190,137,9,32,8,4.0,8,7,115,1174,707,30,19,0,0
scikit-learn/scikit-learn,data,sklearn/manifold/__init__.py,27,21,8,2,0,0,0.0,0,6,33,79,50,15,4,0,0
scikit-learn/scikit-learn,data,sklearn/manifold/_classical_mds.py,198,58,49,7,8,3,1.6,5,6,1,198,0,1,0,0,0
scikit-learn/scikit-learn,data,sklearn/manifold/_isomap.py,442,189,98,13,22,9,2.75,8,8,99,983,541,36,12,0,0
scikit-learn/scikit-learn,data,sklearn/manifold/_locally_linear.py,878,382,268,40,46,24,4.181818181818182,11,6,156,1946,1068,55,28,0,0
scikit-learn/scikit-learn,data,sklearn/manifold/_mds.py,714,253,142,19,34,11,4.857142857142857,7,7,124,1641,927,45,20,1,1
scikit-learn/scikit-learn,data,sklearn/manifold/_spectral_embedding.py,772,306,213,70,57,28,5.181818181818182,11,9,170,2309,1533,68,33,1,1
scikit-learn/scikit-learn,data,sklearn/manifold/_t_sne.py,1184,499,291,75,73,30,4.866666666666666,15,9,154,2884,1700,73,23,0,0
scikit-learn/scikit-learn,data,sklearn/metrics/__init__.py,188,182,15,2,0,0,0.0,0,13,124,691,504,52,8,0,0
scikit-learn/scikit-learn,data,sklearn/metrics/_base.py,193,74,75,8,19,15,9.5,2,2,31,323,130,18,5,0,0
scikit-learn/scikit-learn,data,sklearn/metrics/_classification.py,3917,1435,760,99,201,25,7.178571428571429,28,9,609,12353,8402,204,95,1,1
scikit-learn/scikit-learn,data,sklearn/metrics/_pairwise_distances_reduction/__init__.py,112,16,2,92,0,0,0.0,0,1,11,191,79,7,0,0,0
scikit-learn/scikit-learn,data,sklearn/metrics/_pairwise_distances_reduction/_dispatcher.py,763,293,91,22,56,13,3.7333333333333334,15,7,24,942,179,8,5,0,0
scikit-learn/scikit-learn,data,sklearn/metrics/_plot/__init__.py,2,0,0,2,0,0,0.0,0,0,2,2,0,2,0,0,0
scikit-learn/scikit-learn,data,sklearn/metrics/_plot/confusion_matrix.py,499,157,78,3,23,12,4.6,5,5,43,780,281,25,6,0,0
scikit-learn/scikit-learn,data,sklearn/metrics/_plot/det_curve.py,388,111,50,6,12,6,2.4,5,2,27,642,254,13,4,0,0
scikit-learn/scikit-learn,data,sklearn/metrics/_plot/precision_recall_curve.py,570,179,63,2,20,12,4.0,5,2,44,892,322,25,7,1,1
scikit-learn/scikit-learn,data,sklearn/metrics/_plot/regression.py,413,131,74,4,21,8,4.2,5,3,9,430,17,7,2,0,0
scikit-learn/scikit-learn,data,sklearn/metrics/_plot/roc_curve.py,782,263,96,3,28,14,4.0,7,4,51,1234,452,25,8,0,1
scikit-learn/scikit-learn,data,sklearn/metrics/_ranking.py,2103,700,446,80,118,23,6.2105263157894735,19,10,197,3621,1518,106,24,0,1
scikit-learn/scikit-learn,data,sklearn/metrics/_regression.py,1961,662,319,57,86,12,4.095238095238095,21,5,133,3032,1111,76,13,0,0
scikit-learn/scikit-learn,data,sklearn/metrics/_scorer.py,1128,580,311,22,117,15,2.925,40,8,177,2797,1666,68,28,1,1
scikit-learn/scikit-learn,data,sklearn/metrics/cluster/__init__.py,56,45,5,3,0,0,0.0,0,3,33,154,99,17,6,0,0
scikit-learn/scikit-learn,data,sklearn/metrics/cluster/_bicluster.py,114,44,38,2,7,3,1.75,4,2,29,160,46,21,2,0,0
scikit-learn/scikit-learn,data,sklearn/metrics/cluster/_supervised.py,1341,340,226,47,53,7,3.3125,16,6,223,2996,1655,90,37,0,0
scikit-learn/scikit-learn,data,sklearn/metrics/cluster/_unsupervised.py,463,168,130,9,22,5,3.6666666666666665,6,5,88,931,468,50,9,1,1
scikit-learn/scikit-learn,data,sklearn/metrics/pairwise.py,2697,951,601,119,171,13,4.621621621621622,37,18,425,5990,3140,134,52,1,1
scikit-learn/scikit-learn,data,sklearn/mixture/__init__.py,9,3,4,2,0,0,0.0,0,2,24,45,36,14,0,0,0
scikit-learn/scikit-learn,data,sklearn/mixture/_base.py,614,307,222,16,61,14,2.5416666666666665,24,8,57,1005,391,40,10,1,1
scikit-learn/scikit-learn,data,sklearn/mixture/_bayesian_mixture.py,891,349,187,32,41,5,1.7826086956521738,23,4,48,1332,441,33,2,0,0
scikit-learn/scikit-learn,data,sklearn/mixture/_gaussian_mixture.py,1001,399,282,21,82,8,2.6451612903225805,31,7,68,1802,801,39,9,0,0
scikit-learn/scikit-learn,data,sklearn/model_selection/__init__.py,106,92,14,5,2,2,2.0,1,6,21,199,93,14,0,0,0
scikit-learn/scikit-learn,data,sklearn/model_selection/_classification_threshold.py,883,337,205,11,59,18,2.4583333333333335,24,13,17,1106,223,8,1,0,1
scikit-learn/scikit-learn,data,sklearn/model_selection/_plot.py,885,284,102,8,49,20,4.9,10,3,12,1057,172,7,1,0,0
scikit-learn/scikit-learn,data,sklearn/model_selection/_search.py,2006,707,466,75,145,11,3.4523809523809526,42,16,225,3911,1905,103,37,0,1
scikit-learn/scikit-learn,data,sklearn/model_selection/_search_successive_halving.py,1099,348,176,42,56,13,3.2941176470588234,17,9,38,1412,313,20,4,0,0
scikit-learn/scikit-learn,data,sklearn/model_selection/_split.py,3049,837,651,94,278,30,3.0549450549450547,91,7,178,5068,2019,101,32,1,1
scikit-learn/scikit-learn,data,sklearn/model_selection/_validation.py,2529,1146,562,92,177,36,8.428571428571429,21,13,188,4280,1751,101,25,1,1
scikit-learn/scikit-learn,data,sklearn/multiclass.py,1289,542,340,32,95,8,2.5,38,11,218,3001,1712,74,43,0,0
scikit-learn/scikit-learn,data,sklearn/multioutput.py,1324,483,343,30,120,19,2.926829268292683,41,11,120,2123,799,66,20,0,1
scikit-learn/scikit-learn,data,sklearn/naive_bayes.py,1536,519,443,49,114,13,1.9655172413793103,58,6,289,3935,2405,85,47,1,1
scikit-learn/scikit-learn,data,sklearn/neighbors/__init__.py,49,43,13,2,0,0,0.0,0,11,32,135,86,18,2,0,0
scikit-learn/scikit-learn,data,sklearn/neighbors/_base.py,1397,787,531,71,214,52,10.7,20,13,215,3370,1974,82,46,1,1
scikit-learn/scikit-learn,data,sklearn/neighbors/_classification.py,923,375,243,41,86,19,5.733333333333333,15,8,144,1939,1016,63,16,1,1
scikit-learn/scikit-learn,data,sklearn/neighbors/_graph.py,709,198,84,7,22,3,1.5714285714285714,14,5,70,1146,437,43,5,0,0
scikit-learn/scikit-learn,data,sklearn/neighbors/_kde.py,363,155,97,16,24,6,3.4285714285714284,7,8,71,632,269,38,7,0,0
scikit-learn/scikit-learn,data,sklearn/neighbors/_lof.py,518,165,101,11,26,6,2.0,13,6,68,967,449,46,3,0,0
scikit-learn/scikit-learn,data,sklearn/neighbors/_nca.py,534,236,159,27,46,16,5.111111111111111,9,12,40,886,352,22,3,0,0
scikit-learn/scikit-learn,data,sklearn/neighbors/_nearest_centroid.py,356,173,124,20,31,18,4.428571428571429,7,10,88,707,351,39,11,0,0
scikit-learn/scikit-learn,data,sklearn/neighbors/_regression.py,518,139,79,7,28,9,3.111111111111111,9,4,120,1346,828,58,10,0,0
scikit-learn/scikit-learn,data,sklearn/neighbors/_unsupervised.py,179,31,11,3,4,2,1.3333333333333333,3,2,69,492,313,44,6,0,0
scikit-learn/scikit-learn,data,sklearn/neural_network/__init__.py,9,3,4,2,0,0,0.0,0,2,12,31,22,9,0,0,0
scikit-learn/scikit-learn,data,sklearn/neural_network/_base.py,287,68,63,7,16,3,1.1428571428571428,14,0,22,425,138,13,2,0,0
scikit-learn/scikit-learn,data,sklearn/neural_network/_multilayer_perceptron.py,1801,790,443,82,137,28,3.8055555555555554,36,15,71,2584,783,38,8,1,1
scikit-learn/scikit-learn,data,sklearn/neural_network/_rbm.py,445,166,129,8,26,6,2.0,13,5,40,629,184,20,1,0,0
scikit-learn/scikit-learn,data,sklearn/neural_network/_stochastic_optimizers.py,287,92,71,2,40,6,3.076923076923077,13,0,16,361,74,12,1,0,0
scikit-learn/scikit-learn,data,sklearn/pipeline.py,2140,806,608,99,235,11,3.357142857142857,70,14,286,4470,2374,109,58,1,1
scikit-learn/scikit-learn,data,sklearn/preprocessing/__init__.py,68,62,9,2,0,0,0.0,0,7,122,1389,1321,29,17,0,0
scikit-learn/scikit-learn,data,sklearn/preprocessing/_data.py,3768,1315,914,126,255,16,3.1875,80,10,335,7593,3804,144,54,1,1
scikit-learn/scikit-learn,data,sklearn/preprocessing/_discretization.py,559,236,151,36,52,26,7.428571428571429,7,7,78,1059,500,45,8,0,0
scikit-learn/scikit-learn,data,sklearn/preprocessing/_encoders.py,1703,772,551,88,223,25,8.25925925925926,27,8,135,3285,1583,54,27,1,1
scikit-learn/scikit-learn,data,sklearn/preprocessing/_function_transformer.py,441,187,114,12,50,14,3.5714285714285716,14,6,66,712,271,38,11,1,1
scikit-learn/scikit-learn,data,sklearn/preprocessing/_label.py,963,384,333,22,111,27,4.44,25,8,134,2101,1138,65,22,1,1
scikit-learn/scikit-learn,data,sklearn/preprocessing/_polynomial.py,1314,719,468,146,162,44,9.529411764705882,17,9,57,1953,639,28,5,0,1
scikit-learn/scikit-learn,data,sklearn/preprocessing/_target_encoder.py,537,238,137,12,36,7,3.272727272727273,11,8,19,645,108,9,1,0,1
scikit-learn/scikit-learn,data,sklearn/random_projection.py,824,240,151,9,41,6,2.05,20,7,155,2079,1255,48,13,0,0
scikit-learn/scikit-learn,data,sklearn/semi_supervised/__init__.py,13,3,4,2,0,0,0.0,0,2,9,25,12,8,0,0,0
scikit-learn/scikit-learn,data,sklearn/semi_supervised/_label_propagation.py,630,230,164,20,42,8,2.8,15,9,157,2204,1216,52,24,1,1
scikit-learn/scikit-learn,data,sklearn/semi_supervised/_self_training.py,625,269,152,24,40,15,3.6363636363636362,11,6,35,905,280,17,4,0,1
scikit-learn/scikit-learn,data,sklearn/svm/__init__.py,29,20,4,4,0,0,0.0,0,2,44,223,194,14,3,0,0
scikit-learn/scikit-learn,data,sklearn/svm/_base.py,1270,785,406,74,137,29,3.8055555555555554,36,10,384,4533,3263,87,98,0,0
scikit-learn/scikit-learn,data,sklearn/svm/_bounds.py,98,35,24,4,4,4,4.0,1,4,45,228,130,25,3,0,0
scikit-learn/scikit-learn,data,sklearn/svm/_classes.py,1798,399,146,13,40,5,1.7391304347826086,23,6,326,4870,3047,111,34,0,0
scikit-learn/scikit-learn,data,sklearn/tree/__init__.py,24,18,4,2,0,0,0.0,0,2,22,60,45,10,1,0,0
scikit-learn/scikit-learn,data,sklearn/tree/_classes.py,2000,646,360,59,112,44,3.5,32,10,513,7237,5635,102,59,1,1
scikit-learn/scikit-learn,data,sklearn/tree/_export.py,1179,726,433,81,155,30,6.2,25,5,101,2082,903,49,17,1,1
scikit-learn/scikit-learn,data,sklearn/tree/_reingold_tilford.py,188,140,138,14,55,9,2.8947368421052633,19,0,8,221,33,7,0,0,0
scikit-learn/scikit-learn,data,sklearn/utils/__init__.py,81,69,17,8,0,0,0.0,0,15,279,3156,3064,90,54,0,0
scikit-learn/scikit-learn,data,sklearn/utils/_arpack.py,33,5,6,2,1,1,1.0,1,1,3,34,1,3,0,0,0
scikit-learn/scikit-learn,data,sklearn/utils/_array_api.py,1107,527,453,96,163,17,3.7045454545454546,44,7,59,1761,654,21,11,1,1
scikit-learn/scikit-learn,data,sklearn/utils/_available_if.py,96,30,31,7,10,3,2.0,5,0,5,105,9,3,0,0,0
scikit-learn/scikit-learn,data,sklearn/utils/_bunch.py,70,26,25,11,11,2,1.375,8,0,3,70,0,2,0,0,0
scikit-learn/scikit-learn,data,sklearn/utils/_chunking.py,178,65,53,2,16,5,4.0,4,2,3,180,2,3,0,0,0
scikit-learn/scikit-learn,data,sklearn/utils/_encode.py,370,188,193,13,88,18,5.176470588235294,17,2,19,476,106,12,2,0,0
scikit-learn/scikit-learn,data,sklearn/utils/_estimator_html_repr.py,34,27,5,3,0,0,0.0,0,2,2,36,2,2,1,0,0
scikit-learn/scikit-learn,data,sklearn/utils/_indexing.py,762,378,308,58,135,22,10.384615384615385,13,5,12,789,27,10,4,1,1
scikit-learn/scikit-learn,data,sklearn/utils/_mask.py,181,55,53,8,15,5,3.0,5,3,11,198,17,7,0,0,0
scikit-learn/scikit-learn,data,sklearn/utils/_metadata_requests.py,1646,600,435,117,196,15,2.8405797101449277,69,3,39,2108,462,9,6,1,1
scikit-learn/scikit-learn,data,sklearn/utils/_missing.py,68,14,12,2,4,3,2.0,2,0,2,68,0,2,0,0,1
scikit-learn/scikit-learn,data,sklearn/utils/_mocking.py,419,170,154,13,69,11,2.15625,32,4,40,543,124,24,8,0,0
scikit-learn/scikit-learn,data,sklearn/utils/_optional_dependencies.py,46,14,13,3,4,2,2.0,2,0,4,48,2,3,0,0,1
scikit-learn/scikit-learn,data,sklearn/utils/_param_validation.py,910,456,406,27,250,27,3.289473684210526,76,2,34,1175,265,13,4,0,0
scikit-learn/scikit-learn,data,sklearn/utils/_plotting.py,443,296,194,16,85,21,5.666666666666667,15,6,10,453,10,8,1,0,1
scikit-learn/scikit-learn,data,sklearn/utils/_pprint.py,463,283,256,64,85,38,6.071428571428571,14,3,16,546,83,9,3,0,0
scikit-learn/scikit-learn,data,sklearn/utils/_repr_html/__init__.py,2,0,0,2,0,0,0.0,0,0,1,2,0,1,0,0,0
scikit-learn/scikit-learn,data,sklearn/utils/_repr_html/base.py,152,57,47,5,17,3,2.125,8,3,3,156,4,3,0,0,0
scikit-learn/scikit-learn,data,sklearn/utils/_repr_html/estimator.py,497,295,162,20,61,17,5.545454545454546,11,3,31,1023,526,14,9,1,1
scikit-learn/scikit-learn,data,sklearn/utils/_repr_html/params.py,167,99,65,11,20,9,3.3333333333333335,6,2,4,180,13,3,0,0,1
scikit-learn/scikit-learn,data,sklearn/utils/_response.py,317,96,64,9,26,12,6.5,4,3,14,376,59,6,2,0,1
scikit-learn/scikit-learn,data,sklearn/utils/_set_output.py,460,194,179,21,76,8,2.4516129032258065,31,2,23,567,107,9,10,1,1
scikit-learn/scikit-learn,data,sklearn/utils/_show_versions.py,115,58,44,3,11,7,3.6666666666666665,3,2,22,223,108,14,1,0,0
scikit-learn/scikit-learn,data,sklearn/utils/_tags.py,296,64,94,6,9,3,1.2857142857142858,7,0,21,773,477,10,3,0,0
scikit-learn/scikit-learn,data,sklearn/utils/_test_common/__init__.py,2,0,0,2,0,0,0.0,0,0,1,2,0,1,0,0,0
scikit-learn/scikit-learn,data,sklearn/utils/_test_common/instance_generator.py,1339,1253,121,91,26,6,5.2,5,33,31,1725,386,10,7,1,1
scikit-learn/scikit-learn,data,sklearn/utils/_testing.py,1467,862,620,102,235,31,3.8524590163934427,61,8,272,3528,2061,92,57,1,1
scikit-learn/scikit-learn,data,sklearn/utils/_unique.py,108,31,36,4,15,4,3.75,4,1,3,110,2,3,0,0,0
scikit-learn/scikit-learn,data,sklearn/utils/_user_interface.py,57,19,21,4,4,2,2.0,2,0,2,57,0,2,0,0,0
scikit-learn/scikit-learn,data,sklearn/utils/class_weight.py,231,110,79,12,26,16,13.0,2,3,50,453,222,29,11,1,1
scikit-learn/scikit-learn,data,sklearn/utils/deprecation.py,149,72,68,16,20,4,2.5,8,0,37,320,171,23,4,0,0
scikit-learn/scikit-learn,data,sklearn/utils/discovery.py,255,129,86,22,39,19,9.75,4,2,10,280,25,6,1,0,0
scikit-learn/scikit-learn,data,sklearn/utils/estimator_checks.py,5410,3788,2616,423,809,38,5.86231884057971,138,19,468,10680,5268,129,88,1,1
scikit-learn/scikit-learn,data,sklearn/utils/extmath.py,1478,510,377,92,109,19,4.954545454545454,22,6,267,3384,1846,95,43,1,1
scikit-learn/scikit-learn,data,sklearn/utils/fixes.py,427,248,209,54,62,13,3.6470588235294117,17,3,200,2128,1701,61,77,1,1
scikit-learn/scikit-learn,data,sklearn/utils/graph.py,162,69,51,12,15,8,7.5,2,2,52,555,393,27,9,0,0
scikit-learn/scikit-learn,data,sklearn/utils/metadata_routing.py,22,15,2,6,0,0,0.0,0,1,9,45,23,4,0,0,1
scikit-learn/scikit-learn,data,sklearn/utils/metaestimators.py,169,80,74,16,34,7,4.857142857142857,7,4,53,563,394,27,14,0,1
scikit-learn/scikit-learn,data,sklearn/utils/multiclass.py,588,274,211,54,93,34,9.3,10,4,123,1276,688,47,30,0,1
scikit-learn/scikit-learn,data,sklearn/utils/optimize.py,389,213,148,35,44,14,8.8,5,1,40,618,229,22,4,0,0
scikit-learn/scikit-learn,data,sklearn/utils/parallel.py,214,98,75,23,31,11,3.1,10,1,11,243,29,7,2,0,0
scikit-learn/scikit-learn,data,sklearn/utils/random.py,101,55,43,6,8,8,8.0,1,2,43,395,294,19,5,0,0
scikit-learn/scikit-learn,data,sklearn/utils/sparsefuncs.py,808,276,244,15,102,18,5.368421052631579,19,3,79,1537,729,36,7,0,0
scikit-learn/scikit-learn,data,sklearn/utils/stats.py,190,77,46,29,11,11,11.0,1,1,27,401,211,16,7,1,1
scikit-learn/scikit-learn,data,sklearn/utils/validation.py,3035,1301,857,159,406,71,7.96078431372549,51,8,348,5330,2295,109,72,1,1
