scheme,model,features,fold,auc,strata_auc,recall20
loro,LR,SIZE,aiohttp,0.8129370629370629,0.7700754878222474,0.4230769230769231
loro,LR,SIZE,matplotlib,0.8663911845730028,0.6842751842751843,0.6666666666666666
loro,LR,SIZE,pip,0.826923076923077,0.5710990453884097,0.5769230769230769
loro,LR,SIZE,pytest,0.8372564935064936,0.6738636363636363,0.4090909090909091
loro,LR,SIZE,poetry,0.8842741935483871,0.709433092118546,0.6774193548387096
loro,LR,SIZE,scikit-learn,0.8276602086438152,0.63639305409146,0.4918032786885246
loro,LR,SIZE,scrapy,0.7863485016648168,0.5369284103782322,0.38235294117647056
loro,RF,SIZE,aiohttp,0.7162004662004662,0.6630679390400228,0.2692307692307692
loro,RF,SIZE,matplotlib,0.768767217630854,0.53992628992629,0.5
loro,RF,SIZE,pip,0.699023199023199,0.4777307569466624,0.34615384615384615
loro,RF,SIZE,pytest,0.6854707792207793,0.4628787878787879,0.3181818181818182
loro,RF,SIZE,poetry,0.7689516129032259,0.5584695081131054,0.45161290322580644
loro,RF,SIZE,scikit-learn,0.6563934426229507,0.4593295159281649,0.3114754098360656
loro,RF,SIZE,scrapy,0.7169811320754716,0.5198820018293265,0.35294117647058826
loro,LR,SIZE+RATES,aiohttp,0.7843822843822844,0.6991470034341419,0.38461538461538464
loro,LR,SIZE+RATES,matplotlib,0.8415977961432507,0.7211302211302211,0.8333333333333334
loro,LR,SIZE+RATES,pip,0.8006715506715507,0.5191028780297384,0.4230769230769231
loro,LR,SIZE+RATES,pytest,0.8376623376623377,0.6651515151515152,0.4090909090909091
loro,LR,SIZE+RATES,poetry,0.86875,0.655048402350516,0.6451612903225806
loro,LR,SIZE+RATES,scikit-learn,0.8275409836065574,0.6421036245031039,0.5081967213114754
loro,LR,SIZE+RATES,scrapy,0.7899556048834628,0.5555957218525126,0.36764705882352944
loro,RF,SIZE+RATES,aiohttp,0.6515151515151516,0.5639889854246783,0.19230769230769232
loro,RF,SIZE+RATES,matplotlib,0.7586088154269973,0.5343980343980343,0.5
loro,RF,SIZE+RATES,pip,0.8070818070818071,0.5768675254622236,0.4230769230769231
loro,RF,SIZE+RATES,pytest,0.724025974025974,0.5003787878787879,0.2727272727272727
loro,RF,SIZE+RATES,poetry,0.8103830645161291,0.5760200622695443,0.4838709677419355
loro,RF,SIZE+RATES,scikit-learn,0.7529061102831595,0.5694002227815665,0.3442622950819672
loro,RF,SIZE+RATES,scrapy,0.7505549389567148,0.46996484637701996,0.3382352941176471
loro,LR,SIZE+PCT_CHURN,aiohttp,0.780885780885781,0.6754435107376283,0.4230769230769231
loro,LR,SIZE+PCT_CHURN,matplotlib,0.8450413223140496,0.6707616707616708,0.75
loro,LR,SIZE+PCT_CHURN,pip,0.7936507936507936,0.6071844281202314,0.38461538461538464
loro,LR,SIZE+PCT_CHURN,pytest,0.8417207792207793,0.6625000000000001,0.45454545454545453
loro,LR,SIZE+PCT_CHURN,poetry,0.8560483870967742,0.6425764289585258,0.6129032258064516
loro,LR,SIZE+PCT_CHURN,scikit-learn,0.8345752608047691,0.6585250999768135,0.5409836065573771
loro,LR,SIZE+PCT_CHURN,scrapy,0.7659544950055495,0.5076572339525783,0.35294117647058826
loro,RF,SIZE+PCT_CHURN,aiohttp,0.7773892773892774,0.6513807783000206,0.34615384615384615
loro,RF,SIZE+PCT_CHURN,matplotlib,0.7444903581267217,0.4582309582309582,0.4166666666666667
loro,RF,SIZE+PCT_CHURN,pip,0.7802197802197803,0.6072695979275347,0.4230769230769231
loro,RF,SIZE+PCT_CHURN,pytest,0.75,0.5852272727272727,0.5
loro,RF,SIZE+PCT_CHURN,poetry,0.8758064516129034,0.7020642460178307,0.6129032258064516
loro,RF,SIZE+PCT_CHURN,scikit-learn,0.7837853949329359,0.6018024510753034,0.4262295081967213
loro,RF,SIZE+PCT_CHURN,scrapy,0.7737930077691454,0.5066360014838315,0.35294117647058826
loro,LR,REDUCED,aiohttp,0.7948717948717949,0.7271692857934136,0.38461538461538464
loro,LR,REDUCED,matplotlib,0.8433195592286501,0.6842751842751843,0.6666666666666666
loro,LR,REDUCED,pip,0.8308913308913309,0.6652524929912347,0.46153846153846156
loro,LR,REDUCED,pytest,0.8051948051948052,0.6090909090909091,0.36363636363636365
loro,LR,REDUCED,poetry,0.8719758064516129,0.6779720955933141,0.6129032258064516
loro,LR,REDUCED,scikit-learn,0.82026825633383,0.6368083791684891,0.5409836065573771
loro,LR,REDUCED,scrapy,0.7099056603773585,0.42626946342919825,0.3088235294117647
loro,RF,REDUCED,aiohttp,0.8205128205128205,0.702498852648404,0.4230769230769231
loro,RF,REDUCED,matplotlib,0.8236914600550964,0.6891891891891891,0.75
loro,RF,REDUCED,pip,0.8015873015873016,0.6466907981120692,0.5
loro,RF,REDUCED,pytest,0.765422077922078,0.4973484848484848,0.4090909090909091
loro,RF,REDUCED,poetry,0.848991935483871,0.6404579893100407,0.6129032258064516
loro,RF,REDUCED,scikit-learn,0.7991654247391953,0.6019909907325738,0.45901639344262296
loro,RF,REDUCED,scrapy,0.7402885682574916,0.4720964185842392,0.3382352941176471
