file,loc,lloc,comments,cc_max,fan_out,lines_added,n_authors,prior_defects,risk,rank_pct,flag
src/pip/_internal/cli/cmdoptions.py,1409,378,47,11,14,3179,91,12,0.841887467266416,1.0,True
src/pip/_internal/index/package_finder.py,1152,493,60,29,23,6900,85,43,0.8167311235021949,0.9939024390243902,True
src/pip/_internal/commands/install.py,904,356,62,34,26,3936,95,33,0.7824732142268229,0.9878048780487805,True
src/pip/_internal/resolution/resolvelib/factory.py,901,430,85,19,24,2322,29,9,0.781972903579846,0.9817073170731707,True
src/pip/_internal/operations/prepare.py,869,380,135,24,26,3662,36,14,0.7764767034519774,0.975609756097561,True
src/pip/_internal/utils/misc.py,867,445,55,7,8,4138,97,45,0.7761231867976476,0.9695121951219512,True
src/pip/_internal/req/req_install.py,843,447,77,15,27,5756,81,42,0.7717843678950986,0.9634146341463414,True
src/pip/_internal/operations/install/wheel.py,770,396,105,17,12,4598,80,34,0.7573853199529705,0.9573170731707317,True
src/pip/_internal/req/constructors.py,662,293,29,12,16,1484,33,12,0.732023411919246,0.9390243902439024,True
src/pip/_internal/req/req_file.py,622,315,39,25,8,2238,48,15,0.7210892399082598,0.9207317073170732,True
src/pip/_internal/resolution/legacy/resolver.py,598,256,69,23,18,1540,22,4,0.7140473483285434,0.9115853658536586,True
src/pip/_internal/resolution/resolvelib/candidates.py,598,305,29,14,13,1706,15,9,0.7140473483285434,0.9115853658536586,True
src/pip/_internal/network/session.py,549,250,87,23,19,893,25,5,0.6983885082030402,0.8902439024390244,True
src/pip/_internal/index/collector.py,510,238,23,13,13,1484,26,5,0.6845110413331894,0.8841463414634146,True
src/pip/_internal/cli/req_command.py,504,188,14,31,24,1267,33,2,0.6822505903053737,0.8780487804878049,True
src/pip/_internal/exceptions/__init__.py,473,179,18,8,15,1848,40,6,0.6699810024942883,0.8658536585365854,True
src/pip/_internal/commands/list.py,408,198,13,17,13,1594,46,19,0.6405243041626266,0.8536585365853658,True
src/pip/_internal/utils/logging.py,404,196,37,10,9,910,23,3,0.6385202648716147,0.8414634146341463,True
src/pip/_internal/network/download.py,392,223,31,11,12,809,17,4,0.6323574187745276,0.8292682926829268,True
src/pip/_internal/resolution/resolvelib/resolver.py,341,148,44,20,17,927,18,9,0.6033390276240038,0.8170731707317073,True
src/pip/_internal/build_env/installer.py,333,148,39,22,19,1373,30,6,0.5983178790278739,0.8048780487804879,True
src/pip/_internal/resolution/resolvelib/provider.py,309,120,28,14,7,846,15,2,0.5823685671305613,0.7957317073170732,False
src/pip/_internal/metadata/pkg_resources.py,309,197,19,5,9,560,11,2,0.5823685671305613,0.7957317073170732,False
src/pip/_internal/utils/pylock.py,299,137,15,11,9,351,3,1,0.5752981946135224,0.7865853658536586,False
src/pip/_internal/self_outdated_check.py,270,144,19,6,16,940,37,8,0.5531925673813028,0.7560975609756098,False
src/pip/_internal/wheel_builder.py,265,137,21,13,14,1429,16,3,0.5491177350581105,0.75,False
src/pip/_internal/metadata/importlib/_dists.py,241,138,20,8,10,576,13,6,0.528336700297411,0.7134146341463414,False
src/pip/_internal/locations/_sysconfig.py,226,107,24,20,4,419,10,7,0.514213786778239,0.6890243902439024,False
src/pip/_internal/cli/index_command.py,217,123,16,13,6,284,8,0,0.5052716955324895,0.6829268292682927,False
src/pip/_internal/exceptions/hashes.py,215,88,8,4,3,215,1,0,0.5032337845149935,0.6737804878048781,False
src/pip/_internal/distributions/sdist.py,193,92,16,6,5,465,11,3,0.47949170829957766,0.6402439024390244,False
src/pip/_internal/exceptions/network.py,191,81,2,10,8,191,1,0,0.47720450615637594,0.6341463414634146,False
src/pip/_internal/commands/wheel.py,177,79,2,8,10,1247,43,6,0.46052898299032574,0.6158536585365854,False
src/pip/_internal/commands/search.py,174,113,2,9,11,527,41,11,0.4567960503219936,0.6067073170731707,False
src/pip/_internal/exceptions/build.py,173,71,2,6,4,174,1,0,0.45553857670364095,0.5884146341463414,False
src/pip/_internal/commands/lock.py,173,72,0,4,11,211,5,0,0.45553857670364095,0.5884146341463414,False
src/pip/_internal/exceptions/_base.py,155,62,2,10,2,155,1,0,0.431703370226848,0.5487804878048781,False
src/pip/_internal/commands/download.py,150,67,2,5,7,625,38,2,0.42464863618913407,0.5335365853658537,False
src/pip/_internal/cli/main_parser.py,136,70,25,11,6,279,14,0,0.40377004088706586,0.49085365853658536,False
src/pip/_internal/distributions/base.py,57,23,0,2,3,116,10,1,0.24047943767770336,0.2774390243902439,False
src/pip/_internal/exceptions/uninstall.py,54,21,0,4,3,54,1,0,0.23200414412104073,0.2682926829268293,False
src/pip/_internal/distributions/wheel.py,45,20,0,3,4,96,11,1,0.20504041119660144,0.24390243902439024,False
src/pip/_internal/exceptions/pyproject.py,40,14,0,2,3,40,1,0,0.18894737013826712,0.20121951219512196,False
src/pip/_internal/distributions/installed.py,34,16,0,2,3,75,10,2,0.16842716059995969,0.17682926829268292,False
src/pip/_internal/models/candidate.py,27,22,0,2,2,133,11,3,0.14255993874337414,0.1524390243902439,False
src/pip/_internal/exceptions/wheel.py,22,13,0,2,1,22,1,0,0.12258435390110381,0.12195121951219512,False
src/pip/__init__.py,13,6,0,1,1,218,12,1,0.08261878924483539,0.09146341463414634,False
