scheme,features,model,imbalance,fold,precision,recall,f1,auc
pooled,REDUCED,RandomForest,cw,f00,0.6888888888888889,0.775,0.7294117647058823,0.8471264367816091
pooled,REDUCED,RandomForest,cw,f01,0.5869565217391305,0.675,0.627906976744186,0.8132183908045977
pooled,REDUCED,RandomForest,cw,f02,0.64,0.8205128205128205,0.7191011235955056,0.8529325081049219
pooled,REDUCED,RandomForest,cw,f03,0.5192307692307693,0.6923076923076923,0.5934065934065934,0.8146183318597112
pooled,REDUCED,RandomForest,cw,f04,0.5,0.6666666666666666,0.5714285714285714,0.8390804597701149
pooled,REDUCED,RandomForest,cw,f05,0.6041666666666666,0.725,0.6590909090909091,0.8392441860465116
pooled,REDUCED,RandomForest,cw,f06,0.6153846153846154,0.8,0.6956521739130435,0.8254360465116279
pooled,REDUCED,RandomForest,cw,f07,0.5806451612903226,0.9,0.7058823529411765,0.895639534883721
pooled,REDUCED,RandomForest,cw,f08,0.5370370370370371,0.725,0.6170212765957447,0.8171511627906977
pooled,REDUCED,RandomForest,cw,f09,0.574468085106383,0.675,0.6206896551724138,0.8026162790697674
loro,REDUCED,RandomForest,cw,aiohttp,0.8484848484848485,0.8235294117647058,0.835820895522388,0.8988235294117647
loro,REDUCED,RandomForest,cw,matplotlib,0.41732283464566927,0.9137931034482759,0.572972972972973,0.8946164672765657
loro,REDUCED,RandomForest,cw,requests,0.42857142857142855,0.75,0.5454545454545454,0.8035714285714286
loro,REDUCED,RandomForest,cw,pip,0.5555555555555556,0.75,0.6382978723404256,0.8457589285714285
loro,REDUCED,RandomForest,cw,pytest,0.7368421052631579,0.7567567567567568,0.7466666666666667,0.8404746209624259
loro,REDUCED,RandomForest,cw,poetry,0.7045454545454546,0.5961538461538461,0.6458333333333334,0.8429717764250139
loro,REDUCED,RandomForest,cw,scikit-learn,0.4647058823529412,0.8315789473684211,0.5962264150943396,0.8299191963310767
loro,REDUCED,RandomForest,cw,scrapy,0.717948717948718,0.36363636363636365,0.4827586206896552,0.7607444102289463
pooled,REDUCED,RandomForest,smote,f00,0.6511627906976745,0.7,0.6746987951807228,0.8485632183908045
pooled,REDUCED,RandomForest,smote,f01,0.6046511627906976,0.65,0.6265060240963856,0.8040229885057472
pooled,REDUCED,RandomForest,smote,f02,0.6136363636363636,0.6923076923076923,0.6506024096385542,0.834070144414972
pooled,REDUCED,RandomForest,smote,f03,0.5555555555555556,0.6410256410256411,0.5952380952380952,0.8131447096964338
pooled,REDUCED,RandomForest,smote,f04,0.5714285714285714,0.717948717948718,0.6363636363636364,0.8579428234600649
pooled,REDUCED,RandomForest,smote,f05,0.6170212765957447,0.725,0.6666666666666666,0.840406976744186
pooled,REDUCED,RandomForest,smote,f06,0.5833333333333334,0.7,0.6363636363636364,0.8296511627906977
pooled,REDUCED,RandomForest,smote,f07,0.6,0.9,0.72,0.8880813953488372
pooled,REDUCED,RandomForest,smote,f08,0.6041666666666666,0.725,0.6590909090909091,0.8212209302325582
pooled,REDUCED,RandomForest,smote,f09,0.5952380952380952,0.625,0.6097560975609756,0.8125
loro,REDUCED,RandomForest,smote,aiohttp,0.8387096774193549,0.7647058823529411,0.8,0.8905882352941176
loro,REDUCED,RandomForest,smote,matplotlib,0.4344262295081967,0.9137931034482759,0.5888888888888889,0.8958479943701619
loro,REDUCED,RandomForest,smote,requests,0.5,0.75,0.6,0.875
loro,REDUCED,RandomForest,smote,pip,0.5510204081632653,0.675,0.6067415730337079,0.8272321428571429
loro,REDUCED,RandomForest,smote,pytest,0.7297297297297297,0.7297297297297297,0.7297297297297297,0.8193803559657219
loro,REDUCED,RandomForest,smote,poetry,0.6521739130434783,0.5769230769230769,0.6122448979591837,0.8433868289983398
loro,REDUCED,RandomForest,smote,scikit-learn,0.49390243902439024,0.8526315789473684,0.6254826254826255,0.8369949770692291
loro,REDUCED,RandomForest,smote,scrapy,0.6829268292682927,0.36363636363636365,0.4745762711864407,0.768643727406614
pooled,REDUCED,NaiveBayes,cw,f00,0.5918367346938775,0.725,0.651685393258427,0.8204022988505747
pooled,REDUCED,NaiveBayes,cw,f01,0.6,0.6,0.6,0.8278735632183908
pooled,REDUCED,NaiveBayes,cw,f02,0.625,0.7692307692307693,0.6896551724137931,0.8234600648393753
pooled,REDUCED,NaiveBayes,cw,f03,0.5686274509803921,0.7435897435897436,0.6444444444444445,0.815797229590333
pooled,REDUCED,NaiveBayes,cw,f04,0.5490196078431373,0.717948717948718,0.6222222222222222,0.8328912466843501
pooled,REDUCED,NaiveBayes,cw,f05,0.5849056603773585,0.775,0.6666666666666666,0.8383720930232558
pooled,REDUCED,NaiveBayes,cw,f06,0.5471698113207547,0.725,0.6236559139784946,0.8180232558139535
pooled,REDUCED,NaiveBayes,cw,f07,0.5714285714285714,0.9,0.6990291262135923,0.8802325581395348
pooled,REDUCED,NaiveBayes,cw,f08,0.5087719298245614,0.725,0.5979381443298969,0.8151162790697675
pooled,REDUCED,NaiveBayes,cw,f09,0.5961538461538461,0.775,0.6739130434782609,0.7828488372093022
loro,REDUCED,NaiveBayes,cw,aiohttp,0.8064516129032258,0.7352941176470589,0.7692307692307693,0.8635294117647059
loro,REDUCED,NaiveBayes,cw,matplotlib,0.43089430894308944,0.9137931034482759,0.585635359116022,0.9141449683321605
loro,REDUCED,NaiveBayes,cw,requests,0.42857142857142855,0.75,0.5454545454545454,0.8035714285714286
loro,REDUCED,NaiveBayes,cw,pip,0.5964912280701754,0.85,0.7010309278350515,0.88125
loro,REDUCED,NaiveBayes,cw,pytest,0.7142857142857143,0.8108108108108109,0.759493670886076,0.8628872775214239
loro,REDUCED,NaiveBayes,cw,poetry,0.717948717948718,0.5384615384615384,0.6153846153846154,0.8415882678472607
loro,REDUCED,NaiveBayes,cw,scikit-learn,0.47802197802197804,0.9157894736842105,0.628158844765343,0.8381305962000437
loro,REDUCED,NaiveBayes,cw,scrapy,0.6744186046511628,0.37662337662337664,0.48333333333333334,0.7501673584147811
pooled,REDUCED,NaiveBayes,smote,f00,0.5636363636363636,0.775,0.6526315789473685,0.8252873563218391
pooled,REDUCED,NaiveBayes,smote,f01,0.6304347826086957,0.725,0.6744186046511628,0.8258620689655173
pooled,REDUCED,NaiveBayes,smote,f02,0.5882352941176471,0.7692307692307693,0.6666666666666666,0.8225758915414088
pooled,REDUCED,NaiveBayes,smote,f03,0.5454545454545454,0.7692307692307693,0.6382978723404256,0.8157972295903331
pooled,REDUCED,NaiveBayes,smote,f04,0.5263157894736842,0.7692307692307693,0.625,0.8334806955496611
pooled,REDUCED,NaiveBayes,smote,f05,0.5636363636363636,0.775,0.6526315789473685,0.8386627906976744
pooled,REDUCED,NaiveBayes,smote,f06,0.5344827586206896,0.775,0.6326530612244898,0.8188953488372093
pooled,REDUCED,NaiveBayes,smote,f07,0.5606060606060606,0.925,0.6981132075471698,0.8805232558139534
pooled,REDUCED,NaiveBayes,smote,f08,0.49206349206349204,0.775,0.6019417475728155,0.8159883720930232
pooled,REDUCED,NaiveBayes,smote,f09,0.5849056603773585,0.775,0.6666666666666666,0.7845930232558139
loro,REDUCED,NaiveBayes,smote,aiohttp,0.8181818181818182,0.7941176470588235,0.8059701492537313,0.8623529411764707
loro,REDUCED,NaiveBayes,smote,matplotlib,0.4153846153846154,0.9310344827586207,0.574468085106383,0.9137051372273047
loro,REDUCED,NaiveBayes,smote,requests,0.42857142857142855,0.75,0.5454545454545454,0.8035714285714286
loro,REDUCED,NaiveBayes,smote,pip,0.5625,0.9,0.6923076923076923,0.8823660714285714
loro,REDUCED,NaiveBayes,smote,pytest,0.7142857142857143,0.8108108108108109,0.759493670886076,0.8609096901779829
loro,REDUCED,NaiveBayes,smote,poetry,0.6976744186046512,0.5769230769230769,0.631578947368421,0.8426950747094633
loro,REDUCED,NaiveBayes,smote,scikit-learn,0.46842105263157896,0.9368421052631579,0.624561403508772,0.8387857610832059
loro,REDUCED,NaiveBayes,smote,scrapy,0.6842105263157895,0.5064935064935064,0.582089552238806,0.7489623778283572
pooled,REDUCED,LogisticRegression,cw,f00,0.62,0.775,0.6888888888888889,0.8468390804597702
pooled,REDUCED,LogisticRegression,cw,f01,0.6190476190476191,0.65,0.6341463414634146,0.8275862068965517
pooled,REDUCED,LogisticRegression,cw,f02,0.5471698113207547,0.7435897435897436,0.6304347826086957,0.8066607721780135
pooled,REDUCED,LogisticRegression,cw,f03,0.4918032786885246,0.7692307692307693,0.6,0.8010610079575596
pooled,REDUCED,LogisticRegression,cw,f04,0.5614035087719298,0.8205128205128205,0.6666666666666666,0.8697318007662835
pooled,REDUCED,LogisticRegression,cw,f05,0.6,0.825,0.6947368421052632,0.8488372093023255
pooled,REDUCED,LogisticRegression,cw,f06,0.5357142857142857,0.75,0.625,0.8447674418604652
pooled,REDUCED,LogisticRegression,cw,f07,0.6101694915254238,0.9,0.7272727272727273,0.9031976744186047
pooled,REDUCED,LogisticRegression,cw,f08,0.55,0.825,0.66,0.8276162790697674
pooled,REDUCED,LogisticRegression,cw,f09,0.5925925925925926,0.8,0.6808510638297872,0.8043604651162791
loro,REDUCED,LogisticRegression,cw,aiohttp,0.8,0.8235294117647058,0.8115942028985508,0.8905882352941176
loro,REDUCED,LogisticRegression,cw,matplotlib,0.44537815126050423,0.9137931034482759,0.5988700564971752,0.9225017593244194
loro,REDUCED,LogisticRegression,cw,requests,0.375,0.75,0.5,0.8571428571428572
loro,REDUCED,LogisticRegression,cw,pip,0.5833333333333334,0.875,0.7,0.8651785714285715
loro,REDUCED,LogisticRegression,cw,pytest,0.75,0.8918918918918919,0.8148148148148148,0.8661832564271589
loro,REDUCED,LogisticRegression,cw,poetry,0.5932203389830508,0.6730769230769231,0.6306306306306306,0.8428334255672385
loro,REDUCED,LogisticRegression,cw,scikit-learn,0.4880952380952381,0.8631578947368421,0.623574144486692,0.835903035597292
loro,REDUCED,LogisticRegression,cw,scrapy,0.625,0.45454545454545453,0.5263157894736842,0.7367786852322934
pooled,REDUCED,LogisticRegression,smote,f00,0.6346153846153846,0.825,0.717391304347826,0.8528735632183908
pooled,REDUCED,LogisticRegression,smote,f01,0.6190476190476191,0.65,0.6341463414634146,0.8238505747126437
pooled,REDUCED,LogisticRegression,smote,f02,0.5490196078431373,0.717948717948718,0.6222222222222222,0.8087238432066018
pooled,REDUCED,LogisticRegression,smote,f03,0.5084745762711864,0.7692307692307693,0.6122448979591837,0.7978190391983496
pooled,REDUCED,LogisticRegression,smote,f04,0.5517241379310345,0.8205128205128205,0.6597938144329897,0.8703212496315945
pooled,REDUCED,LogisticRegression,smote,f05,0.6111111111111112,0.825,0.7021276595744681,0.8468023255813953
pooled,REDUCED,LogisticRegression,smote,f06,0.5357142857142857,0.75,0.625,0.8415697674418605
pooled,REDUCED,LogisticRegression,smote,f07,0.5901639344262295,0.9,0.7128712871287128,0.9020348837209303
pooled,REDUCED,LogisticRegression,smote,f08,0.5344827586206896,0.775,0.6326530612244898,0.8273255813953488
pooled,REDUCED,LogisticRegression,smote,f09,0.5769230769230769,0.75,0.6521739130434783,0.809593023255814
loro,REDUCED,LogisticRegression,smote,aiohttp,0.8285714285714286,0.8529411764705882,0.8405797101449275,0.8929411764705882
loro,REDUCED,LogisticRegression,smote,matplotlib,0.44166666666666665,0.9137931034482759,0.5955056179775281,0.9224137931034483
loro,REDUCED,LogisticRegression,smote,requests,0.42857142857142855,0.75,0.5454545454545454,0.8571428571428572
loro,REDUCED,LogisticRegression,smote,pip,0.6140350877192983,0.875,0.7216494845360825,0.8660714285714286
loro,REDUCED,LogisticRegression,smote,pytest,0.7804878048780488,0.8648648648648649,0.8205128205128205,0.8602504943968359
loro,REDUCED,LogisticRegression,smote,poetry,0.578125,0.7115384615384616,0.6379310344827587,0.8458771444382954
loro,REDUCED,LogisticRegression,smote,scikit-learn,0.47953216374269003,0.8631578947368421,0.6165413533834586,0.8348547717842323
loro,REDUCED,LogisticRegression,smote,scrapy,0.625,0.45454545454545453,0.5263157894736842,0.7280760476636764
pooled,REDUCED,DecisionTree,cw,f00,0.5813953488372093,0.625,0.6024096385542169,0.821264367816092
pooled,REDUCED,DecisionTree,cw,f01,0.6216216216216216,0.575,0.5974025974025974,0.8181034482758621
pooled,REDUCED,DecisionTree,cw,f02,0.55,0.8461538461538461,0.6666666666666666,0.8334806955496612
pooled,REDUCED,DecisionTree,cw,f03,0.4857142857142857,0.8717948717948718,0.6238532110091743,0.7961980548187445
pooled,REDUCED,DecisionTree,cw,f04,0.5681818181818182,0.6410256410256411,0.6024096385542169,0.8135867963454171
pooled,REDUCED,DecisionTree,cw,f05,0.5185185185185185,0.7,0.5957446808510638,0.8062499999999999
pooled,REDUCED,DecisionTree,cw,f06,0.532258064516129,0.825,0.6470588235294118,0.8335755813953488
pooled,REDUCED,DecisionTree,cw,f07,0.5416666666666666,0.975,0.6964285714285714,0.8899709302325582
pooled,REDUCED,DecisionTree,cw,f08,0.4925373134328358,0.825,0.616822429906542,0.7630813953488372
pooled,REDUCED,DecisionTree,cw,f09,0.5925925925925926,0.8,0.6808510638297872,0.8052325581395349
loro,REDUCED,DecisionTree,cw,aiohttp,0.8529411764705882,0.8529411764705882,0.8529411764705882,0.8958823529411765
loro,REDUCED,DecisionTree,cw,matplotlib,0.36,0.9310344827586207,0.5192307692307693,0.8999824067558058
loro,REDUCED,DecisionTree,cw,requests,0.375,0.75,0.5,0.7946428571428571
loro,REDUCED,DecisionTree,cw,pip,0.5396825396825397,0.85,0.6601941747572816,0.8568080357142858
loro,REDUCED,DecisionTree,cw,pytest,0.6521739130434783,0.8108108108108109,0.7228915662650602,0.8213579433091628
loro,REDUCED,DecisionTree,cw,poetry,0.6271186440677966,0.7115384615384616,0.6666666666666666,0.8289983397897067
loro,REDUCED,DecisionTree,cw,scikit-learn,0.46987951807228917,0.8210526315789474,0.5977011494252874,0.7972264686612798
loro,REDUCED,DecisionTree,cw,scrapy,0.7948717948717948,0.4025974025974026,0.5344827586206896,0.788057303521221
pooled,REDUCED,DecisionTree,smote,f00,0.5737704918032787,0.875,0.693069306930693,0.8311781609195402
pooled,REDUCED,DecisionTree,smote,f01,0.5454545454545454,0.75,0.631578947368421,0.7952586206896552
pooled,REDUCED,DecisionTree,smote,f02,0.53125,0.8717948717948718,0.6601941747572816,0.8278809313292073
pooled,REDUCED,DecisionTree,smote,f03,0.5,0.7692307692307693,0.6060606060606061,0.7824933687002653
pooled,REDUCED,DecisionTree,smote,f04,0.4852941176470588,0.8461538461538461,0.616822429906542,0.8353964043619216
pooled,REDUCED,DecisionTree,smote,f05,0.5272727272727272,0.725,0.6105263157894737,0.8190406976744186
pooled,REDUCED,DecisionTree,smote,f06,0.53125,0.85,0.6538461538461539,0.8325581395348838
pooled,REDUCED,DecisionTree,smote,f07,0.5416666666666666,0.975,0.6964285714285714,0.8623546511627906
pooled,REDUCED,DecisionTree,smote,f08,0.5,0.825,0.6226415094339622,0.7917151162790698
pooled,REDUCED,DecisionTree,smote,f09,0.5079365079365079,0.8,0.6213592233009708,0.7933139534883722
loro,REDUCED,DecisionTree,smote,aiohttp,0.84375,0.7941176470588235,0.8181818181818182,0.8788235294117647
loro,REDUCED,DecisionTree,smote,matplotlib,0.36423841059602646,0.9482758620689655,0.5263157894736842,0.8594739619985925
loro,REDUCED,DecisionTree,smote,requests,0.3333333333333333,0.75,0.46153846153846156,0.8125
loro,REDUCED,DecisionTree,smote,pip,0.4675324675324675,0.9,0.6153846153846154,0.8381696428571429
loro,REDUCED,DecisionTree,smote,pytest,0.6521739130434783,0.8108108108108109,0.7228915662650602,0.8190507580751484
loro,REDUCED,DecisionTree,smote,poetry,0.6271186440677966,0.7115384615384616,0.6666666666666666,0.8377144438295517
loro,REDUCED,DecisionTree,smote,scikit-learn,0.4230769230769231,0.9263157894736842,0.5808580858085809,0.8051976414064206
loro,REDUCED,DecisionTree,smote,scrapy,0.7948717948717948,0.4025974025974026,0.5344827586206896,0.7867184362029723
pooled,REDUCED,SVM,cw,f00,0.5961538461538461,0.775,0.6739130434782609,0.8350574712643678
pooled,REDUCED,SVM,cw,f01,0.6,0.6,0.6,0.8301724137931035
pooled,REDUCED,SVM,cw,f02,0.5740740740740741,0.7948717948717948,0.6666666666666666,0.8160919540229885
pooled,REDUCED,SVM,cw,f03,0.4918032786885246,0.7692307692307693,0.6,0.803713527851459
pooled,REDUCED,SVM,cw,f04,0.5636363636363636,0.7948717948717948,0.6595744680851063,0.8526377836722664
pooled,REDUCED,SVM,cw,f05,0.543859649122807,0.775,0.6391752577319587,0.8430232558139534
pooled,REDUCED,SVM,cw,f06,0.5423728813559322,0.8,0.6464646464646465,0.8465116279069768
pooled,REDUCED,SVM,cw,f07,0.6101694915254238,0.9,0.7272727272727273,0.8994186046511627
pooled,REDUCED,SVM,cw,f08,0.5818181818181818,0.8,0.6736842105263158,0.8281976744186047
pooled,REDUCED,SVM,cw,f09,0.5918367346938775,0.725,0.651685393258427,0.795639534883721
loro,REDUCED,SVM,cw,aiohttp,0.8125,0.7647058823529411,0.7878787878787878,0.8847058823529411
loro,REDUCED,SVM,cw,matplotlib,0.4015151515151515,0.9137931034482759,0.5578947368421052,0.8977832512315271
loro,REDUCED,SVM,cw,requests,0.42857142857142855,0.75,0.5454545454545454,0.6607142857142857
loro,REDUCED,SVM,cw,pip,0.5573770491803278,0.85,0.6732673267326733,0.8696428571428572
loro,REDUCED,SVM,cw,pytest,0.7045454545454546,0.8378378378378378,0.7654320987654321,0.8358602504943968
loro,REDUCED,SVM,cw,poetry,0.5849056603773585,0.5961538461538461,0.5904761904761905,0.8384061981184284
loro,REDUCED,SVM,cw,scikit-learn,0.4722222222222222,0.8947368421052632,0.6181818181818182,0.8383926621533085
loro,REDUCED,SVM,cw,scrapy,0.625,0.45454545454545453,0.5263157894736842,0.7284777078591511
pooled,REDUCED,SVM,smote,f00,0.6078431372549019,0.775,0.6813186813186813,0.8390804597701149
pooled,REDUCED,SVM,smote,f01,0.5833333333333334,0.7,0.6363636363636364,0.8290229885057471
pooled,REDUCED,SVM,smote,f02,0.5740740740740741,0.7948717948717948,0.6666666666666666,0.8234600648393752
pooled,REDUCED,SVM,smote,f03,0.4918032786885246,0.7692307692307693,0.6,0.7975243147656941
pooled,REDUCED,SVM,smote,f04,0.55,0.8461538461538461,0.6666666666666666,0.8446802239905689
pooled,REDUCED,SVM,smote,f05,0.5535714285714286,0.775,0.6458333333333334,0.8406976744186047
pooled,REDUCED,SVM,smote,f06,0.5238095238095238,0.825,0.6407766990291263,0.8383720930232558
pooled,REDUCED,SVM,smote,f07,0.578125,0.925,0.7115384615384616,0.8950581395348837
pooled,REDUCED,SVM,smote,f08,0.5081967213114754,0.775,0.6138613861386139,0.8229651162790698
pooled,REDUCED,SVM,smote,f09,0.58,0.725,0.6444444444444445,0.8005813953488372
loro,REDUCED,SVM,smote,aiohttp,0.7777777777777778,0.8235294117647058,0.8,0.88
loro,REDUCED,SVM,smote,matplotlib,0.40625,0.896551724137931,0.5591397849462365,0.8820372976776918
loro,REDUCED,SVM,smote,requests,0.42857142857142855,0.75,0.5454545454545454,0.7678571428571428
loro,REDUCED,SVM,smote,pip,0.576271186440678,0.85,0.6868686868686869,0.8687499999999999
loro,REDUCED,SVM,smote,pytest,0.6829268292682927,0.7567567567567568,0.717948717948718,0.8220171390903098
loro,REDUCED,SVM,smote,poetry,0.6,0.6346153846153846,0.616822429906542,0.8418649695628112
loro,REDUCED,SVM,smote,scikit-learn,0.4627659574468085,0.9157894736842105,0.6148409893992933,0.8457741865036034
loro,REDUCED,SVM,smote,scrapy,0.631578947368421,0.4675324675324675,0.5373134328358209,0.7225866916588566
pooled,SIZE,LogisticRegression,cw,f00,0.5283018867924528,0.7,0.6021505376344086,0.7772988505747127
pooled,SIZE,LogisticRegression,cw,f01,0.5555555555555556,0.625,0.5882352941176471,0.825
pooled,SIZE,LogisticRegression,cw,f02,0.5555555555555556,0.7692307692307693,0.6451612903225806,0.7964927792513999
pooled,SIZE,LogisticRegression,cw,f03,0.5084745762711864,0.7692307692307693,0.6122448979591837,0.8178603006189212
pooled,SIZE,LogisticRegression,cw,f04,0.5172413793103449,0.7692307692307693,0.6185567010309279,0.8034188034188035
pooled,SIZE,LogisticRegression,cw,f05,0.5166666666666667,0.775,0.62,0.8047965116279069
pooled,SIZE,LogisticRegression,cw,f06,0.5660377358490566,0.75,0.6451612903225806,0.8149709302325582
pooled,SIZE,LogisticRegression,cw,f07,0.5285714285714286,0.925,0.6727272727272727,0.8604651162790697
pooled,SIZE,LogisticRegression,cw,f08,0.4375,0.7,0.5384615384615384,0.7558139534883721
pooled,SIZE,LogisticRegression,cw,f09,0.5357142857142857,0.75,0.625,0.7674418604651164
loro,SIZE,LogisticRegression,cw,aiohttp,0.8,0.8235294117647058,0.8115942028985508,0.8617647058823529
loro,SIZE,LogisticRegression,cw,matplotlib,0.3576158940397351,0.9310344827586207,0.5167464114832536,0.8852920478536243
loro,SIZE,LogisticRegression,cw,requests,0.5,0.75,0.6,0.8214285714285714
loro,SIZE,LogisticRegression,cw,pip,0.5882352941176471,0.75,0.6593406593406593,0.8684151785714286
loro,SIZE,LogisticRegression,cw,pytest,0.7619047619047619,0.8648648648648649,0.810126582278481,0.8829927488464074
loro,SIZE,LogisticRegression,cw,poetry,0.84375,0.5192307692307693,0.6428571428571429,0.8771444382955175
loro,SIZE,LogisticRegression,cw,scikit-learn,0.4072398190045249,0.9473684210526315,0.569620253164557,0.8261410788381742
loro,SIZE,LogisticRegression,cw,scrapy,0.8333333333333334,0.3246753246753247,0.4672897196261682,0.7908689248895434
pooled,STATIC,LogisticRegression,cw,f00,0.5849056603773585,0.775,0.6666666666666666,0.8488505747126436
pooled,STATIC,LogisticRegression,cw,f01,0.6046511627906976,0.65,0.6265060240963856,0.8232758620689655
pooled,STATIC,LogisticRegression,cw,f02,0.5849056603773585,0.7948717948717948,0.6739130434782609,0.8264073091659299
pooled,STATIC,LogisticRegression,cw,f03,0.4838709677419355,0.7692307692307693,0.594059405940594,0.8013557323902152
pooled,STATIC,LogisticRegression,cw,f04,0.5,0.8205128205128205,0.6213592233009708,0.8561744768641321
pooled,STATIC,LogisticRegression,cw,f05,0.5614035087719298,0.8,0.6597938144329897,0.8434593023255813
pooled,STATIC,LogisticRegression,cw,f06,0.5454545454545454,0.75,0.631578947368421,0.8447674418604652
pooled,STATIC,LogisticRegression,cw,f07,0.5714285714285714,0.9,0.6990291262135923,0.9061046511627907
pooled,STATIC,LogisticRegression,cw,f08,0.5081967213114754,0.775,0.6138613861386139,0.8206395348837209
pooled,STATIC,LogisticRegression,cw,f09,0.5344827586206896,0.775,0.6326530612244898,0.8031976744186047
loro,STATIC,LogisticRegression,cw,aiohttp,0.8055555555555556,0.8529411764705882,0.8285714285714286,0.8929411764705882
loro,STATIC,LogisticRegression,cw,matplotlib,0.4380165289256198,0.9137931034482759,0.5921787709497207,0.9228536242083041
loro,STATIC,LogisticRegression,cw,requests,0.5,0.75,0.6,0.8571428571428572
loro,STATIC,LogisticRegression,cw,pip,0.5147058823529411,0.875,0.6481481481481481,0.861830357142857
loro,STATIC,LogisticRegression,cw,pytest,0.75,0.8918918918918919,0.8148148148148148,0.873434410019776
loro,STATIC,LogisticRegression,cw,poetry,0.6363636363636364,0.6730769230769231,0.6542056074766355,0.850027670171555
loro,STATIC,LogisticRegression,cw,scikit-learn,0.45555555555555555,0.8631578947368421,0.5963636363636363,0.8301812622843415
loro,STATIC,LogisticRegression,cw,scrapy,0.6031746031746031,0.4935064935064935,0.5428571428571428,0.7418663810416388
pooled,PROCESS,LogisticRegression,cw,f00,0.49122807017543857,0.7,0.5773195876288659,0.7732758620689655
pooled,PROCESS,LogisticRegression,cw,f01,0.5681818181818182,0.625,0.5952380952380952,0.8209770114942528
pooled,PROCESS,LogisticRegression,cw,f02,0.5306122448979592,0.6666666666666666,0.5909090909090909,0.7866195107574417
pooled,PROCESS,LogisticRegression,cw,f03,0.5,0.717948717948718,0.5894736842105263,0.7925139994105511
pooled,PROCESS,LogisticRegression,cw,f04,0.5576923076923077,0.7435897435897436,0.6373626373626373,0.8034188034188035
pooled,PROCESS,LogisticRegression,cw,f05,0.5789473684210527,0.825,0.6804123711340206,0.8305232558139535
pooled,PROCESS,LogisticRegression,cw,f06,0.5636363636363636,0.775,0.6526315789473685,0.8034883720930232
pooled,PROCESS,LogisticRegression,cw,f07,0.5230769230769231,0.85,0.6476190476190476,0.8459302325581395
pooled,PROCESS,LogisticRegression,cw,f08,0.484375,0.775,0.5961538461538461,0.7619186046511628
pooled,PROCESS,LogisticRegression,cw,f09,0.5384615384615384,0.7,0.6086956521739131,0.7575581395348837
loro,PROCESS,LogisticRegression,cw,aiohttp,0.7777777777777778,0.8235294117647058,0.8,0.823529411764706
loro,PROCESS,LogisticRegression,cw,matplotlib,0.35294117647058826,0.9310344827586207,0.5118483412322274,0.8820372976776918
loro,PROCESS,LogisticRegression,cw,requests,0.3333333333333333,0.75,0.46153846153846156,0.7678571428571428
loro,PROCESS,LogisticRegression,cw,pip,0.5272727272727272,0.725,0.6105263157894737,0.8361607142857143
loro,PROCESS,LogisticRegression,cw,pytest,0.7272727272727273,0.8648648648648649,0.7901234567901234,0.871456822676335
loro,PROCESS,LogisticRegression,cw,poetry,0.7096774193548387,0.4230769230769231,0.5301204819277109,0.8247094631986718
loro,PROCESS,LogisticRegression,cw,scikit-learn,0.455026455026455,0.9052631578947369,0.6056338028169014,0.8189997816117056
loro,PROCESS,LogisticRegression,cw,scrapy,0.8055555555555556,0.37662337662337664,0.5132743362831859,0.7809613067345027
pooled,REDUCED_NO_PRIOR,LogisticRegression,cw,f00,0.5769230769230769,0.75,0.6521739130434783,0.8479885057471265
pooled,REDUCED_NO_PRIOR,LogisticRegression,cw,f01,0.65,0.65,0.65,0.8229885057471265
pooled,REDUCED_NO_PRIOR,LogisticRegression,cw,f02,0.6078431372549019,0.7948717948717948,0.6888888888888889,0.8169761273209548
pooled,REDUCED_NO_PRIOR,LogisticRegression,cw,f03,0.4838709677419355,0.7692307692307693,0.594059405940594,0.8025346301208369
pooled,REDUCED_NO_PRIOR,LogisticRegression,cw,f04,0.5172413793103449,0.7692307692307693,0.6185567010309279,0.8544061302681992
pooled,REDUCED_NO_PRIOR,LogisticRegression,cw,f05,0.5892857142857143,0.825,0.6875,0.8412790697674418
pooled,REDUCED_NO_PRIOR,LogisticRegression,cw,f06,0.5263157894736842,0.75,0.6185567010309279,0.8476744186046512
pooled,REDUCED_NO_PRIOR,LogisticRegression,cw,f07,0.5901639344262295,0.9,0.7128712871287128,0.9023255813953488
pooled,REDUCED_NO_PRIOR,LogisticRegression,cw,f08,0.5245901639344263,0.8,0.6336633663366337,0.820639534883721
pooled,REDUCED_NO_PRIOR,LogisticRegression,cw,f09,0.5660377358490566,0.75,0.6451612903225806,0.8058139534883721
loro,REDUCED_NO_PRIOR,LogisticRegression,cw,aiohttp,0.8235294117647058,0.8235294117647058,0.8235294117647058,0.8882352941176471
loro,REDUCED_NO_PRIOR,LogisticRegression,cw,matplotlib,0.44166666666666665,0.9137931034482759,0.5955056179775281,0.9208304011259677
loro,REDUCED_NO_PRIOR,LogisticRegression,cw,requests,0.5,0.75,0.6,0.8214285714285714
loro,REDUCED_NO_PRIOR,LogisticRegression,cw,pip,0.5147058823529411,0.875,0.6481481481481481,0.8660714285714285
loro,REDUCED_NO_PRIOR,LogisticRegression,cw,pytest,0.717391304347826,0.8918918918918919,0.7951807228915663,0.8734344100197758
loro,REDUCED_NO_PRIOR,LogisticRegression,cw,poetry,0.64,0.6153846153846154,0.6274509803921569,0.8472606530160487
loro,REDUCED_NO_PRIOR,LogisticRegression,cw,scikit-learn,0.47953216374269003,0.8631578947368421,0.6165413533834586,0.8322341122515833
loro,REDUCED_NO_PRIOR,LogisticRegression,cw,scrapy,0.59375,0.4935064935064935,0.5390070921985816,0.733029856741197
pooled,ALL14,LogisticRegression,cw,f00,0.6274509803921569,0.8,0.7032967032967034,0.8511494252873564
pooled,ALL14,LogisticRegression,cw,f01,0.627906976744186,0.675,0.6506024096385542,0.8103448275862069
pooled,ALL14,LogisticRegression,cw,f02,0.5961538461538461,0.7948717948717948,0.6813186813186813,0.8205128205128205
pooled,ALL14,LogisticRegression,cw,f03,0.5,0.7692307692307693,0.6060606060606061,0.7863247863247863
pooled,ALL14,LogisticRegression,cw,f04,0.5849056603773585,0.7948717948717948,0.6739130434782609,0.8706159740642498
pooled,ALL14,LogisticRegression,cw,f05,0.6153846153846154,0.8,0.6956521739130435,0.8601744186046513
pooled,ALL14,LogisticRegression,cw,f06,0.5769230769230769,0.75,0.6521739130434783,0.8479651162790698
pooled,ALL14,LogisticRegression,cw,f07,0.5901639344262295,0.9,0.7128712871287128,0.902906976744186
pooled,ALL14,LogisticRegression,cw,f08,0.5535714285714286,0.775,0.6458333333333334,0.8316860465116279
pooled,ALL14,LogisticRegression,cw,f09,0.5769230769230769,0.75,0.6521739130434783,0.806686046511628
loro,ALL14,LogisticRegression,cw,aiohttp,0.7777777777777778,0.8235294117647058,0.8,0.8670588235294118
loro,ALL14,LogisticRegression,cw,matplotlib,0.4576271186440678,0.9310344827586207,0.6136363636363636,0.9247888810696693
loro,ALL14,LogisticRegression,cw,requests,0.42857142857142855,0.75,0.5454545454545454,0.8392857142857143
loro,ALL14,LogisticRegression,cw,pip,0.5,0.9,0.6428571428571429,0.8582589285714285
loro,ALL14,LogisticRegression,cw,pytest,0.717391304347826,0.8918918918918919,0.7951807228915663,0.8701384311140409
loro,ALL14,LogisticRegression,cw,poetry,0.62,0.5961538461538461,0.6078431372549019,0.8420033204205867
loro,ALL14,LogisticRegression,cw,scikit-learn,0.5066666666666667,0.8,0.6204081632653061,0.8354662590085172
loro,ALL14,LogisticRegression,cw,scrapy,0.6206896551724138,0.4675324675324675,0.5333333333333333,0.7314232159592984
pooled,SIZE,RandomForest,cw,f00,0.43636363636363634,0.6,0.5052631578947369,0.7668103448275861
pooled,SIZE,RandomForest,cw,f01,0.5348837209302325,0.575,0.5542168674698795,0.7695402298850574
pooled,SIZE,RandomForest,cw,f02,0.4262295081967213,0.6666666666666666,0.52,0.7419687592101386
pooled,SIZE,RandomForest,cw,f03,0.5306122448979592,0.6666666666666666,0.5909090909090909,0.7873563218390804
pooled,SIZE,RandomForest,cw,f04,0.5416666666666666,0.6666666666666666,0.5977011494252874,0.8007662835249042
pooled,SIZE,RandomForest,cw,f05,0.5,0.75,0.6,0.7928779069767442
pooled,SIZE,RandomForest,cw,f06,0.47540983606557374,0.725,0.5742574257425742,0.774563953488372
pooled,SIZE,RandomForest,cw,f07,0.5,0.875,0.6363636363636364,0.8143895348837209
pooled,SIZE,RandomForest,cw,f08,0.43103448275862066,0.625,0.5102040816326531,0.690406976744186
pooled,SIZE,RandomForest,cw,f09,0.4318181818181818,0.475,0.4523809523809524,0.7401162790697675
loro,SIZE,RandomForest,cw,aiohttp,0.7419354838709677,0.6764705882352942,0.7076923076923077,0.821764705882353
loro,SIZE,RandomForest,cw,matplotlib,0.37410071942446044,0.896551724137931,0.5279187817258884,0.8495777621393384
loro,SIZE,RandomForest,cw,requests,0.375,0.75,0.5,0.6428571428571428
loro,SIZE,RandomForest,cw,pip,0.509090909090909,0.7,0.5894736842105263,0.7918526785714286
loro,SIZE,RandomForest,cw,pytest,0.6530612244897959,0.8648648648648649,0.7441860465116279,0.8019116677653263
loro,SIZE,RandomForest,cw,poetry,0.5853658536585366,0.46153846153846156,0.5161290322580645,0.8157166574432763
loro,SIZE,RandomForest,cw,scikit-learn,0.4215686274509804,0.9052631578947369,0.5752508361204013,0.7609084953046518
loro,SIZE,RandomForest,cw,scrapy,0.7631578947368421,0.37662337662337664,0.5043478260869565,0.7768777614138438
pooled,STATIC,RandomForest,cw,f00,0.6222222222222222,0.7,0.6588235294117647,0.8451149425287355
pooled,STATIC,RandomForest,cw,f01,0.5434782608695652,0.625,0.5813953488372093,0.7830459770114943
pooled,STATIC,RandomForest,cw,f02,0.6122448979591837,0.7692307692307693,0.6818181818181818,0.838491010904804
pooled,STATIC,RandomForest,cw,f03,0.52,0.6666666666666666,0.5842696629213483,0.8211022693781315
pooled,STATIC,RandomForest,cw,f04,0.52,0.6666666666666666,0.5842696629213483,0.8222811671087533
pooled,STATIC,RandomForest,cw,f05,0.5510204081632653,0.675,0.6067415730337079,0.8239825581395349
pooled,STATIC,RandomForest,cw,f06,0.6078431372549019,0.775,0.6813186813186813,0.8255813953488372
pooled,STATIC,RandomForest,cw,f07,0.631578947368421,0.9,0.7422680412371134,0.9104651162790697
pooled,STATIC,RandomForest,cw,f08,0.6122448979591837,0.75,0.6741573033707865,0.8302325581395349
pooled,STATIC,RandomForest,cw,f09,0.5531914893617021,0.65,0.5977011494252874,0.7988372093023255
loro,STATIC,RandomForest,cw,aiohttp,0.8709677419354839,0.7941176470588235,0.8307692307692308,0.896470588235294
loro,STATIC,RandomForest,cw,matplotlib,0.4649122807017544,0.9137931034482759,0.6162790697674418,0.9004222378606614
loro,STATIC,RandomForest,cw,requests,0.42857142857142855,0.75,0.5454545454545454,0.8571428571428572
loro,STATIC,RandomForest,cw,pip,0.5689655172413793,0.825,0.673469387755102,0.8444196428571429
loro,STATIC,RandomForest,cw,pytest,0.675,0.7297297297297297,0.7012987012987013,0.8233355306526038
loro,STATIC,RandomForest,cw,poetry,0.6666666666666666,0.5,0.5714285714285714,0.825262866629773
loro,STATIC,RandomForest,cw,scikit-learn,0.4727272727272727,0.8210526315789474,0.6,0.8253112033195019
loro,STATIC,RandomForest,cw,scrapy,0.75,0.38961038961038963,0.5128205128205128,0.7280760476636765
pooled,PROCESS,RandomForest,cw,f00,0.543859649122807,0.775,0.6391752577319587,0.7597701149425288
pooled,PROCESS,RandomForest,cw,f01,0.5581395348837209,0.6,0.5783132530120482,0.8163793103448275
pooled,PROCESS,RandomForest,cw,f02,0.54,0.6923076923076923,0.6067415730337079,0.7925139994105511
pooled,PROCESS,RandomForest,cw,f03,0.4915254237288136,0.7435897435897436,0.5918367346938775,0.7630415561450045
pooled,PROCESS,RandomForest,cw,f04,0.5384615384615384,0.717948717948718,0.6153846153846154,0.7839669908635426
pooled,PROCESS,RandomForest,cw,f05,0.5081967213114754,0.775,0.6138613861386139,0.802906976744186
pooled,PROCESS,RandomForest,cw,f06,0.5660377358490566,0.75,0.6451612903225806,0.8002906976744186
pooled,PROCESS,RandomForest,cw,f07,0.5,0.8,0.6153846153846154,0.7998546511627908
pooled,PROCESS,RandomForest,cw,f08,0.5263157894736842,0.75,0.6185567010309279,0.7694767441860465
pooled,PROCESS,RandomForest,cw,f09,0.5,0.65,0.5652173913043478,0.7479651162790698
loro,PROCESS,RandomForest,cw,aiohttp,0.7435897435897436,0.8529411764705882,0.7945205479452054,0.8035294117647059
loro,PROCESS,RandomForest,cw,matplotlib,0.3375796178343949,0.9137931034482759,0.4930232558139535,0.8639162561576355
loro,PROCESS,RandomForest,cw,requests,0.42857142857142855,0.75,0.5454545454545454,0.7857142857142857
loro,PROCESS,RandomForest,cw,pip,0.4897959183673469,0.6,0.5393258426966292,0.7562500000000001
loro,PROCESS,RandomForest,cw,pytest,0.7021276595744681,0.8918918918918919,0.7857142857142857,0.8398154251812789
loro,PROCESS,RandomForest,cw,poetry,0.7142857142857143,0.4807692307692308,0.5747126436781609,0.8040260099612618
loro,PROCESS,RandomForest,cw,scikit-learn,0.43478260869565216,0.8421052631578947,0.5734767025089605,0.7974230181262285
loro,PROCESS,RandomForest,cw,scrapy,0.7894736842105263,0.38961038961038963,0.5217391304347826,0.7577319587628866
pooled,REDUCED_NO_PRIOR,RandomForest,cw,f00,0.6046511627906976,0.65,0.6265060240963856,0.8307471264367816
pooled,REDUCED_NO_PRIOR,RandomForest,cw,f01,0.5869565217391305,0.675,0.627906976744186,0.8160919540229885
pooled,REDUCED_NO_PRIOR,RandomForest,cw,f02,0.6666666666666666,0.8205128205128205,0.735632183908046,0.8526377836722664
pooled,REDUCED_NO_PRIOR,RandomForest,cw,f03,0.54,0.6923076923076923,0.6067415730337079,0.8149130562923667
pooled,REDUCED_NO_PRIOR,RandomForest,cw,f04,0.5306122448979592,0.6666666666666666,0.5909090909090909,0.8387857353374595
pooled,REDUCED_NO_PRIOR,RandomForest,cw,f05,0.6046511627906976,0.65,0.6265060240963856,0.8255813953488372
pooled,REDUCED_NO_PRIOR,RandomForest,cw,f06,0.6153846153846154,0.8,0.6956521739130435,0.8369186046511629
pooled,REDUCED_NO_PRIOR,RandomForest,cw,f07,0.5932203389830508,0.875,0.7070707070707071,0.8982558139534884
pooled,REDUCED_NO_PRIOR,RandomForest,cw,f08,0.5471698113207547,0.725,0.6236559139784946,0.8156976744186046
pooled,REDUCED_NO_PRIOR,RandomForest,cw,f09,0.5333333333333333,0.6,0.5647058823529412,0.8031976744186046
loro,REDUCED_NO_PRIOR,RandomForest,cw,aiohttp,0.896551724137931,0.7647058823529411,0.8253968253968254,0.9188235294117647
loro,REDUCED_NO_PRIOR,RandomForest,cw,matplotlib,0.42063492063492064,0.9137931034482759,0.5760869565217391,0.8924173117522871
loro,REDUCED_NO_PRIOR,RandomForest,cw,requests,0.375,0.75,0.5,0.8214285714285714
loro,REDUCED_NO_PRIOR,RandomForest,cw,pip,0.5689655172413793,0.825,0.673469387755102,0.8453124999999999
loro,REDUCED_NO_PRIOR,RandomForest,cw,pytest,0.7105263157894737,0.7297297297297297,0.72,0.8319050758075148
loro,REDUCED_NO_PRIOR,RandomForest,cw,poetry,0.717948717948718,0.5384615384615384,0.6153846153846154,0.844355285002767
loro,REDUCED_NO_PRIOR,RandomForest,cw,scikit-learn,0.47305389221556887,0.8315789473684211,0.6030534351145038,0.8227123826162919
loro,REDUCED_NO_PRIOR,RandomForest,cw,scrapy,0.7317073170731707,0.38961038961038963,0.5084745762711864,0.7553889409559513
pooled,ALL14,RandomForest,cw,f00,0.6097560975609756,0.625,0.6172839506172839,0.8339080459770114
pooled,ALL14,RandomForest,cw,f01,0.5909090909090909,0.65,0.6190476190476191,0.810632183908046
pooled,ALL14,RandomForest,cw,f02,0.6122448979591837,0.7692307692307693,0.6818181818181818,0.8414382552313587
pooled,ALL14,RandomForest,cw,f03,0.5510204081632653,0.6923076923076923,0.6136363636363636,0.8125552608311228
pooled,ALL14,RandomForest,cw,f04,0.5306122448979592,0.6666666666666666,0.5909090909090909,0.8387857353374595
pooled,ALL14,RandomForest,cw,f05,0.5957446808510638,0.7,0.6436781609195402,0.8279069767441861
pooled,ALL14,RandomForest,cw,f06,0.6666666666666666,0.8,0.7272727272727273,0.8636627906976745
pooled,ALL14,RandomForest,cw,f07,0.6065573770491803,0.925,0.7326732673267327,0.9052325581395348
pooled,ALL14,RandomForest,cw,f08,0.5416666666666666,0.65,0.5909090909090909,0.8125
pooled,ALL14,RandomForest,cw,f09,0.575,0.575,0.575,0.7988372093023256
loro,ALL14,RandomForest,cw,aiohttp,0.8387096774193549,0.7647058823529411,0.8,0.8917647058823528
loro,ALL14,RandomForest,cw,matplotlib,0.4473684210526316,0.8793103448275862,0.5930232558139535,0.8877551020408163
loro,ALL14,RandomForest,cw,requests,0.5,0.75,0.6,0.8214285714285714
loro,ALL14,RandomForest,cw,pip,0.5238095238095238,0.825,0.6407766990291263,0.8450892857142858
loro,ALL14,RandomForest,cw,pytest,0.6818181818181818,0.8108108108108109,0.7407407407407407,0.8483849703361899
loro,ALL14,RandomForest,cw,poetry,0.6511627906976745,0.5384615384615384,0.5894736842105263,0.8288599889319314
loro,ALL14,RandomForest,cw,scikit-learn,0.5135135135135135,0.8,0.6255144032921811,0.8263813059620004
loro,ALL14,RandomForest,cw,scrapy,0.725,0.37662337662337664,0.49572649572649574,0.7490962645601821
