,,,,precision,precision,recall,recall,f1,f1,auc,auc
,,,,mean,std,mean,std,mean,std,mean,std
scheme,features,model,imbalance,,,,,,,,
loro,ALL14,LogisticRegression,cw,0.579,0.126,0.77,0.162,0.645,0.101,0.846,0.054
loro,ALL14,RandomForest,cw,0.61,0.135,0.718,0.171,0.636,0.095,0.837,0.045
loro,PROCESS,LogisticRegression,cw,0.586,0.192,0.725,0.213,0.603,0.128,0.826,0.039
loro,PROCESS,RandomForest,cw,0.58,0.175,0.715,0.2,0.603,0.118,0.801,0.037
loro,REDUCED,DecisionTree,cw,0.584,0.182,0.766,0.161,0.632,0.119,0.835,0.045
loro,REDUCED,DecisionTree,smote,0.563,0.195,0.78,0.175,0.616,0.116,0.83,0.03
loro,REDUCED,LogisticRegression,cw,0.583,0.145,0.781,0.154,0.651,0.118,0.852,0.054
loro,REDUCED,LogisticRegression,smote,0.597,0.149,0.786,0.15,0.663,0.119,0.851,0.057
loro,REDUCED,NaiveBayes,cw,0.606,0.145,0.736,0.189,0.636,0.101,0.844,0.05
loro,REDUCED,NaiveBayes,smote,0.599,0.151,0.776,0.16,0.652,0.093,0.844,0.05
loro,REDUCED,RandomForest,cw,0.609,0.164,0.723,0.172,0.633,0.113,0.84,0.045
loro,REDUCED,RandomForest,smote,0.61,0.138,0.703,0.171,0.63,0.097,0.845,0.042
loro,REDUCED,SVM,cw,0.573,0.14,0.758,0.159,0.633,0.1,0.819,0.082
loro,REDUCED,SVM,smote,0.571,0.13,0.762,0.149,0.635,0.093,0.829,0.057
loro,REDUCED_NO_PRIOR,LogisticRegression,cw,0.589,0.132,0.778,0.15,0.656,0.1,0.848,0.056
loro,REDUCED_NO_PRIOR,RandomForest,cw,0.612,0.181,0.718,0.172,0.628,0.109,0.842,0.049
loro,SIZE,LogisticRegression,cw,0.637,0.198,0.739,0.215,0.635,0.125,0.852,0.035
loro,SIZE,RandomForest,cw,0.553,0.158,0.704,0.197,0.583,0.094,0.783,0.063
loro,STATIC,LogisticRegression,cw,0.588,0.136,0.789,0.144,0.66,0.106,0.854,0.053
loro,STATIC,RandomForest,cw,0.612,0.156,0.715,0.178,0.631,0.102,0.838,0.054
pooled,ALL14,LogisticRegression,cw,0.585,0.038,0.781,0.056,0.667,0.032,0.839,0.035
pooled,ALL14,RandomForest,cw,0.588,0.04,0.705,0.101,0.639,0.056,0.835,0.031
pooled,PROCESS,LogisticRegression,cw,0.534,0.034,0.738,0.07,0.618,0.034,0.798,0.029
pooled,PROCESS,RandomForest,cw,0.527,0.026,0.725,0.062,0.609,0.025,0.784,0.022
pooled,REDUCED,DecisionTree,cw,0.548,0.044,0.768,0.127,0.633,0.037,0.818,0.032
pooled,REDUCED,DecisionTree,smote,0.524,0.026,0.829,0.073,0.641,0.033,0.817,0.025
pooled,REDUCED,LogisticRegression,cw,0.573,0.042,0.786,0.066,0.661,0.039,0.838,0.032
pooled,REDUCED,LogisticRegression,smote,0.571,0.042,0.778,0.069,0.657,0.04,0.838,0.032
pooled,REDUCED,NaiveBayes,cw,0.574,0.033,0.746,0.074,0.647,0.036,0.826,0.024
pooled,REDUCED,NaiveBayes,smote,0.559,0.038,0.783,0.052,0.651,0.028,0.826,0.024
pooled,REDUCED,RandomForest,cw,0.585,0.057,0.745,0.077,0.654,0.056,0.835,0.027
pooled,REDUCED,RandomForest,smote,0.6,0.026,0.708,0.076,0.648,0.036,0.835,0.025
pooled,REDUCED,SVM,cw,0.57,0.036,0.773,0.075,0.654,0.037,0.835,0.029
pooled,REDUCED,SVM,smote,0.555,0.037,0.791,0.063,0.651,0.032,0.833,0.027
pooled,REDUCED_NO_PRIOR,LogisticRegression,cw,0.563,0.05,0.776,0.064,0.65,0.037,0.836,0.03
pooled,REDUCED_NO_PRIOR,RandomForest,cw,0.582,0.044,0.715,0.088,0.641,0.054,0.833,0.027
pooled,SIZE,LogisticRegression,cw,0.525,0.036,0.753,0.077,0.617,0.037,0.802,0.03
pooled,SIZE,RandomForest,cw,0.481,0.047,0.662,0.108,0.554,0.056,0.768,0.036
pooled,STATIC,LogisticRegression,cw,0.548,0.041,0.781,0.062,0.642,0.032,0.837,0.03
pooled,STATIC,RandomForest,cw,0.577,0.044,0.718,0.082,0.639,0.056,0.83,0.034
