,loc,sloc,lloc,comments,cc_sum,cc_max,cc_mean,n_functions,fan_out,n_commits,lines_added,lines_deleted,n_authors,prior_defects
loc,1.0,0.968,0.94,0.837,0.875,0.797,0.57,0.829,0.637,0.728,0.926,0.793,0.725,0.702
sloc,0.968,1.0,0.959,0.795,0.908,0.831,0.606,0.852,0.67,0.726,0.909,0.788,0.709,0.701
lloc,0.94,0.959,1.0,0.801,0.95,0.85,0.616,0.907,0.656,0.718,0.881,0.773,0.694,0.696
comments,0.837,0.795,0.801,1.0,0.699,0.647,0.442,0.645,0.513,0.621,0.79,0.678,0.597,0.591
cc_sum,0.875,0.908,0.95,0.699,1.0,0.901,0.677,0.947,0.621,0.673,0.819,0.719,0.652,0.66
cc_max,0.797,0.831,0.85,0.647,0.901,1.0,0.864,0.755,0.582,0.594,0.736,0.636,0.593,0.597
cc_mean,0.57,0.606,0.616,0.442,0.677,0.864,1.0,0.469,0.436,0.421,0.521,0.448,0.446,0.427
n_functions,0.829,0.852,0.907,0.645,0.947,0.755,0.469,1.0,0.577,0.644,0.778,0.687,0.617,0.619
fan_out,0.637,0.67,0.656,0.513,0.621,0.582,0.436,0.577,1.0,0.671,0.668,0.665,0.666,0.604
n_commits,0.728,0.726,0.718,0.621,0.673,0.594,0.421,0.644,0.671,1.0,0.88,0.956,0.958,0.908
lines_added,0.926,0.909,0.881,0.79,0.819,0.736,0.521,0.778,0.668,0.88,1.0,0.943,0.847,0.835
lines_deleted,0.793,0.788,0.773,0.678,0.719,0.636,0.448,0.687,0.665,0.956,0.943,1.0,0.914,0.881
n_authors,0.725,0.709,0.694,0.597,0.652,0.593,0.446,0.617,0.666,0.958,0.847,0.914,1.0,0.876
prior_defects,0.702,0.701,0.696,0.591,0.66,0.597,0.427,0.619,0.604,0.908,0.835,0.881,0.876,1.0
